omega,forcing_amp,output_i,forcing_j,real,real_ci_low,real_ci_high,imag,imag_ci_low,imag_ci_high,amplitude,amplitude_ci_low,amplitude_ci_high,phase,phase_ci_low,phase_ci_high
6.62679700366597,0.001,x,x,-47.73159732439252,-121.82324661551657,26.647184368680367,-14.043139268036084,-79.7432596895937,50.344401807971146,49.754548974334114,318.9134439588428,409.5979998850524,2.855455712308339,-20.990141674908138,36.11660850809755
6.62679700366597,0.001,x,y,-10.705543000506442,-86.48421526665874,63.800356081170115,-11.088641931726919,-82.92505587031218,58.521921574102045,15.413196645269435,332.6283100746005,431.4939032828111,2.3386182659766632,-37.51338662843033,84.49949270583214
6.62679700366597,0.001,x,z,61.192498316054994,-9.133412750814315,133.99071512320833,67.3681709035117,-3.041998037944919,139.4300990731524,91.01094605070949,335.5066310422973,427.1039495987383,-0.8333982940274093,-1.6826905603355105,0.032942608313648335
6.62679700366597,0.001,y,x,-55.600663851809024,-139.39889667484786,33.02839047706052,17.41833275927231,-61.64855954906687,95.47954591199715,58.26518803603573,380.0094417939035,488.30073768405583,-2.8380013214491315,-20.373178942522788,11.700414058967045
6.62679700366597,0.001,y,y,-17.15343311289559,-114.3510537187447,84.93470629646973,-4.039570447610878,-86.52331299590955,76.29258548970604,17.62266713524925,397.3144889160645,520.447662481707,2.910310395920742,-43.661907677680915,54.300331927046315
6.62679700366597,0.001,y,z,103.17851906242623,16.489194329321823,188.45090550394596,26.949816575183576,-61.19871885522041,107.36516532247718,106.64004599282342,400.96269046258897,507.163530777141,-0.2554880026422918,-1.1423006503451065,0.6585612161949352
6.62679700366597,0.001,z,x,-20.651407504742227,-88.40710469742343,48.90254343950448,-27.31914450763559,-99.47599446667508,48.25357950717716,34.24640548372923,328.5654364726934,419.10224580354424,2.218082930941726,-19.61391130968673,36.45718831158918
6.62679700366597,0.001,z,y,-11.298120121179668,-94.84344404824866,70.15550110406542,-10.635237361020035,-85.14947693210307,68.82727882914585,15.516307292582255,367.942167944657,472.086930042014,2.386407878384503,-38.81699986609696,42.56768458466752
6.62679700366597,0.001,z,z,-54.74052127739371,-132.24254193624756,22.73915302404349,-23.469388198446,-91.90565844007685,51.84539448649252,59.55952360563464,321.7209760702697,425.8148332990953,2.7365594327492384,-24.501804167378193,25.007533021361372
6.62679700366597,0.003,x,x,4.9816010893441955,-15.34579087470594,26.855217545995007,21.814674459553007,-6.117313534245253,49.47295030985855,22.376245690232075,106.75373123822213,143.72731017411098,-1.3462860101263998,-28.956797355192318,15.872006791931762
6.62679700366597,0.003,x,y,-1.3283021583838375,-25.291704887881508,21.27175282747524,-5.75967806887828,-34.0560582616376,19.816984876576207,5.910861027048817,117.12270714906909,146.2755381356813,1.7974543424118163,-41.85486691793331,32.06308530551423
6.62679700366597,0.003,x,z,7.48099688668985,-14.50970296211733,30.277612424720974,-25.703820051086854,-52.96312528930852,0.6851242137132996,26.770350756710638,115.1344089910097,144.96635138108888,1.2875742162150599,-5.83956392127121,7.558456326030991
6.62679700366597,0.003,y,x,18.96832830291946,-14.067914461497121,48.686632549489694,18.435964143451116,-9.761696398811745,45.118533747563426,26.451507565844913,128.59550783549784,169.69909782483174,-0.7711664220102734,-10.615605966645086,21.47614539906975
6.62679700366597,0.003,y,y,-5.475063862902267,-33.583583162233786,22.378519716309444,-4.863513664404036,-38.69916251931915,27.36495411416078,7.323256752750314,141.0978716503087,176.76970012402748,2.415277900974379,-31.69939576048829,35.81063004478909
6.62679700366597,0.003,y,z,-9.890741323317265,-37.40685046762486,16.937998162374168,-30.644960991239405,-61.46180323802269,1.580280268535034,32.201558938650166,137.9677223342173,175.08559940020987,1.8829942028827398,-7.580760016632997,18.318482592324163
6.62679700366597,0.003,z,x,3.3947743028346324,-21.0669762592495,27.17455506541389,10.10463978590375,-14.238120595238534,33.289201431578,10.659654674052783,108.2815384776113,140.1852916686012,-1.2466819022648534,-55.82446430609728,55.75617153530708
6.62679700366597,0.003,z,y,4.778027853601534,-21.637164385911355,32.12573908212126,14.035563950493621,-10.217074138454755,38.46582237468308,14.826550697252149,117.13516711779027,146.07159462284142,-1.2426787603248544,-20.720844979609865,23.596064803281198
6.62679700366597,0.003,z,z,-18.90875072795745,-47.97867639610285,8.786053930270823,19.559575777722568,-9.152385718291066,48.052001964627884,27.205107217147717,128.36969003024296,167.01187998213226,-2.3392776387628067,-8.956868238446964,4.680325778117812
6.62679700366597,0.01,x,x,1.8299516242477059,-6.240943186614878,9.343684385837154,-7.0383516630957725,-14.202608354723916,-0.006206100542732177,7.272352926013,34.742655304940314,43.76387609692622,1.316430904359617,-6.96921787218842,7.491373227161712
6.62679700366597,0.01,x,y,-5.821982898458408,-13.837746359655311,1.9705087255903264,4.668884679405842,-2.4607773656056833,11.687771806024104,7.462839206329771,35.31380565693941,44.469066768571516,-2.465669515256684,-8.254933857039402,0.5267929912598545
6.62679700366597,0.01,x,z,3.6244526279883496,-4.317348542455783,11.116736573088568,-1.0676866043354916,-7.61083817795699,5.700267142935242,3.778440357820817,31.591521330539784,41.345651680100225,0.2864757491205163,-40.87732354382817,28.23195745516898
6.62679700366597,0.01,y,x,-3.0430978490432685,-11.785435364708203,5.97165088107546,-8.340543351648234,-17.03492082064461,0.7465192654423347,8.878350517949567,41.31020933110083,52.17375849500992,1.9206441649317212,-3.4583719911622737,4.56460206568639
6.62679700366597,0.01,y,y,-2.690019443904295,-11.903403354075502,6.984930594656434,8.52528936395533,0.1494319731387635,17.437009301493447,8.939617628721772,42.45948384726065,53.76133055758677,-1.876442958102753,-10.537424668276206,3.7455144034604397
6.62679700366597,0.01,y,z,2.9643980654193838,-5.2471654464168465,11.789099554462387,-3.471991020865953,-11.764610039998047,5.116180453257925,4.565345281491422,37.894231747626215,49.335006032611766,0.8640982784487333,-61.79708796382091,46.87052834481121
6.62679700366597,0.01,z,x,2.030149002376711,-3.9063793241834857,8.142275033523568,7.799384285480811,0.0707851010769507,15.365347728210898,8.059274173550381,30.735747536196758,40.42014704488567,-1.3161509743484228,-16.178741569488537,8.72754389233507
6.62679700366597,0.01,z,y,2.3279164513830835,-5.379079140724923,10.009011066436111,6.155767239220696,-0.6862148273300369,13.261093724811305,6.581235849601714,33.859047648309016,42.82358851716177,-1.2092508066977,-9.645927049295294,9.303992579280306
6.62679700366597,0.01,z,z,2.2636283355284683,-5.406370644007455,9.91328771884281,2.95330235898241,-4.8595474098783376,10.745969638367267,3.7210224488678447,34.809019977724304,44.10951828769495,-0.9168351997353592,-45.370621541232985,49.14143380587023
6.62679700366597,0.03,x,x,0.02322397103506446,-2.8631510182998055,2.8306570343912427,0.24591533625914852,-2.074486649977383,2.4339990465550514,0.24700952499466008,11.475073028524475,15.020286500417798,-1.4766367028361749,-65.01126499510751,84.89527577248263
6.62679700366597,0.03,x,y,-1.6984812105275573,-4.48777078517011,0.9733744641021649,-0.3531933897642164,-3.045129728219396,2.2160386369883014,1.734815261948169,11.226426903468596,15.120123546300437,2.936567941027853,-12.635752057111844,20.87047138501944
6.62679700366597,0.03,x,z,0.4490524079468682,-2.047596688523418,2.9590121630675474,-1.5248989154791186,-3.8312447075358596,0.8264138475955946,1.589642968566298,11.503921657179124,14.43510579621646,1.2844113088201363,-26.190722396244297,30.62111067787321
6.62679700366597,0.03,y,x,0.20826433884181117,-2.7508509580879283,3.3746281267096467,0.12944905743974566,-3.1470931917372558,3.1717082748118623,0.24521642136132585,13.747249305910671,17.995565207321018,-0.5561227345334531,-91.12721768245355,85.81010540544355
6.62679700366597,0.03,y,y,-1.8520361064716786,-5.177195907214131,1.5679481683457952,0.7684084855182972,-1.9736114658238468,3.734106335697052,2.005115792240263,13.465861465701087,17.903404187859387,-2.748308399522872,-39.258350308177526,24.424039433814475
6.62679700366597,0.03,y,z,-0.5260849943751991,-3.9710021428117885,2.711725185374607,-1.8242495617231378,-4.530178394859794,1.048617556816652,1.8985920796089437,13.82711656958145,17.37986253672729,1.8515627759143676,-22.77925345276806,23.365063286880346
6.62679700366597,0.03,z,x,2.2222410689242578,-0.2306994757323414,4.596349218658274,0.8463496801132346,-1.203301431482557,2.899818941532153,2.3779535633484103,10.642883025954106,13.458219477297497,-0.3638931508839236,-6.237783728983995,1.474911111804222
6.62679700366597,0.03,z,y,-1.5773433009350364,-4.247197998156528,1.0502505668231346,2.132182268894576,-0.7633690944962155,4.899924757791495,2.6522091012574895,13.144481645554036,16.430256109429934,-2.207723728352704,-12.216556585108144,6.131509220932766
6.62679700366597,0.03,z,z,0.6388009156275269,-1.7831344901670132,3.1608858548960113,0.6212710455155077,-2.004510018545386,3.1862032443627557,0.8910916461299022,11.205320486392823,14.821910405921875,-0.7714872599855671,-40.28302127592305,48.51691889367658
6.62679700366597,0.1,x,x,-0.24544332939660382,-0.9750354586897498,0.48034689883943615,-0.3374030434124806,-1.1307718581573951,0.44082264634979396,0.4172328386516263,3.1735680836560154,4.278356538252887,2.1997075521258798,-18.353693423442973,19.43516151899943
6.62679700366597,0.1,x,y,0.10296722234535799,-0.7798102075680584,0.9369731531989471,-0.24072635104030776,-0.9770040262551534,0.4591844093746966,0.26182327047590687,3.5618385649719815,4.549260841091818,1.1666109127618454,-43.38990411875734,49.210930659412604
6.62679700366597,0.1,x,z,-0.5763489067558255,-1.332083502201346,0.16916237138890527,-0.43237204791263106,-1.1142251448366205,0.2614391914106844,0.7205023595622694,3.446811506398359,4.349642934550448,2.497968999359067,-6.112901206889411,7.955065948464292
6.62679700366597,0.1,y,x,-0.5002031554455043,-1.3312890011132177,0.2606176882236436,-0.27321727049183303,-1.320393506864439,0.7198066254083771,0.5699569050486596,3.7961850841295277,5.192104756700078,2.6416618781570316,-33.755227836943945,48.80340685416088
6.62679700366597,0.1,y,y,-0.06494399234495213,-1.0648944808949006,0.9393461512099557,-0.3085351204225023,-1.2162716247868466,0.5839259215696105,0.3152961190307125,4.253933226616588,5.484924617955935,1.7782591280369475,-52.71628801783619,34.941664801007335
6.62679700366597,0.1,y,z,-0.873586547020686,-1.7882983988116776,0.047344436163079304,-0.049900925156723064,-0.9446857614426921,0.772519868952074,0.8750106042026132,4.106655523814855,5.234014611368294,3.084532758115639,-10.409708515469847,9.442036354693627
6.62679700366597,0.1,z,x,-0.27580533850720634,-0.9036408177273132,0.386355156008277,0.11709811754034666,-0.6077543082808657,0.876634421612511,0.29963403324817345,3.198983178177978,4.1131400389900765,-2.7400879814353574,-35.42374632693416,28.16998545507904
6.62679700366597,0.1,z,y,0.02384470830698429,-0.7538660802046812,0.8346820400755505,-0.14691962797906535,-1.016277285881939,0.6740796499535401,0.14884202094755408,3.7039381578536967,4.747871745377519,1.4099015863469186,-59.286059422010766,47.53349080020379
6.62679700366597,0.1,z,z,-0.2578832965907649,-0.9712101407981284,0.4506308993095583,0.1363982716071609,-0.7256780886862413,0.9438315271829738,0.29173323972071,3.3374774092983146,4.455770690840713,-2.6550817337923363,-33.10370406894687,25.96558005127532
6.62679700366597,0.3,x,x,-0.14588991521386463,-0.40340325982743147,0.10480766631327591,-0.06374571079792621,-0.28028449410859996,0.14671550365438196,0.15920861473626813,1.0646580184221754,1.382746848055888,2.729649053551227,-26.68133399226821,37.01614453657656
6.62679700366597,0.3,x,y,-0.08540656934821561,-0.3085098690414524,0.1456373843421852,-0.16810774742897944,-0.4351870558538276,0.09757222177843906,0.18855900093466,1.1243334804065854,1.4614390494628589,2.040860474132438,-12.175506553309718,25.66299381216159
6.62679700366597,0.3,x,z,-0.007537113096749461,-0.24230026766946017,0.24703562333121715,-0.08288947832755723,-0.39107402801869423,0.19897350970354483,0.08323144652862746,1.1803737346306986,1.5303911408424913,1.6614766265925862,-45.473105790980654,93.52231477170973
6.62679700366597,0.3,y,x,-0.19053577219833057,-0.46002271391233235,0.10656448164996922,-0.06694834704042163,-0.3605911331538109,0.22675504206097685,0.201955345704586,1.2920069571601047,1.6622333587240636,2.803698834094458,-9.43875624606752,13.058173628462955
6.62679700366597,0.3,y,y,-0.19989420052810847,-0.5050727828041273,0.1054090198959564,-0.11135760491771808,-0.4278117199101957,0.20059779511849482,0.22881915911431505,1.3544330314145885,1.7728106446011127,2.6333279217638146,-29.7238311551706,41.87316137760021
6.62679700366597,0.3,y,z,-0.05709205643171025,-0.3683661952123338,0.2545441575103304,-0.07815461107022632,-0.4015318633957998,0.24242223013177144,0.09678660103103079,1.4092769988915779,1.8195066243697369,2.2017011286260058,-27.35146400429211,54.173582640276756
6.62679700366597,0.3,z,x,0.0880951361690438,-0.14450649962024364,0.3222626746907722,-0.13586681979814144,-0.4153363858813865,0.1336379909409051,0.16192759412374103,1.0674050816893337,1.4279775919403506,0.9955514232094547,-24.4139278217466,28.530996397373354
6.62679700366597,0.3,z,y,-0.083616803430726,-0.3286337834863079,0.1428044449842484,-0.10979343333726446,-0.3341650446125869,0.11165056538658286,0.13800857879116432,1.0804105005807763,1.3526364710690695,2.221669382797832,-27.193491170428988,29.62829169571347
6.62679700366597,0.3,z,z,0.055115903469444,-0.19531072512049663,0.29679968629920284,-0.02355910429513708,-0.3144901522290151,0.282001296000137,0.059939921675309316,1.3160555891929242,1.6383763395604296,0.40394109403058315,-46.69291085040529,68.08421179225596
6.62679700366597,1.0,x,x,-0.09516305568686195,-0.16109062549768072,-0.02873402027007336,0.05056133860407786,-0.007707716197761965,0.10800748771306334,0.10776110675516005,0.293035151904205,0.37762704976941397,-2.6532098163976525,-3.268430221263734,-1.9970809587487457
6.62679700366597,1.0,x,y,-0.2718038881461488,-0.34187640581964446,-0.19739291126054995,-0.019585993807414808,-0.10375293363443633,0.06691679051541932,0.272508650807251,0.4220149577730809,0.536362301374107,3.069657705151802,2.774514632070212,3.4017977718037655
6.62679700366597,1.0,x,z,0.02594506166695706,-0.04912171896500565,0.10815423393382163,0.04443376225098636,-0.02824327838347961,0.12363777670623663,0.051453915814827784,0.3337181527942106,0.44214860588044186,-1.0422960313276735,-24.081319959260345,20.746551686800757
6.62679700366597,1.0,y,x,-0.06105614243396652,-0.14017100839842703,0.019767777506414685,0.013594390387765262,-0.05409640791345352,0.08028926506944359,0.06255125881172793,0.3435076009277024,0.43487471869666106,-2.92251234816852,-38.21223255807782,12.07433575628103
6.62679700366597,1.0,y,y,-0.2859239361586672,-0.3861972410370603,-0.18972566153522577,0.16058803298260257,0.0740869384470502,0.2530525835997313,0.32793446541296484,0.5052041586831674,0.6384964968377118,-2.6298521714029417,-2.9249678189913375,-2.3121293180740823
6.62679700366597,1.0,y,z,0.05495781761693201,-0.036104695605921396,0.15044556210293974,0.027261032212097074,-0.06311989108326455,0.11707789802590488,0.06134758018442909,0.4005606960402197,0.5260099338434759,-0.46047103578921655,-34.95584137664061,21.87562154432881
6.62679700366597,1.0,z,x,-0.013573146158532884,-0.09184000423806582,0.06743726538400535,-0.07523422057554773,-0.1576015040414506,0.007551015863487027,0.07644879490385094,0.37179085716247534,0.475225019525309,1.7492881771745796,-4.744912813246405,9.033127618733717
6.62679700366597,1.0,z,y,-0.07194258773937841,-0.15729164286558373,0.020085510245336217,-0.02749718963795561,-0.1014832756688648,0.04096383195825579,0.07701838331608794,0.35966091923415144,0.4655931485524909,2.776515759354913,-21.82221149727488,17.30888632461506
6.62679700366597,1.0,z,z,0.10144033590198817,0.03800239314031274,0.1686943510655522,0.0791886054998678,0.011898851446622316,0.14581773848935606,0.12868945950979002,0.31972487064749805,0.4109645230173273,-0.6628254391759602,-1.1973865444450675,-0.16720250227840477
