omega,forcing_amp,output_i,forcing_j,forcing_k,H_mean,H_mean_ci_low,H_mean_ci_high,H_cos2,H_cos2_ci_low,H_cos2_ci_high,H_sin2,H_sin2_ci_low,H_sin2_ci_high,H_abs_2omega,H_abs_2omega_ci_low,H_abs_2omega_ci_high,H_phase_2omega,independent_symmetric_entry,nonzero_by_ci
6.62679700366597,0.001,x,x,x,-63471.61076456062,-505512.71548139973,384788.5189057546,61614.57070901507,-44207.39240479403,162952.43562811898,-1528.9167451760586,-106538.29253642663,108004.09031574,541395.4467659185,476257.03190723073,608413.3726760966,0.02480911634877242,True,False
6.62679700366597,0.001,x,x,y,-29639.621086043764,-106096.32014280836,46711.54189655394,-6691.149638445037,-29082.328890818368,16005.357499360443,-11799.552164956167,-32066.072254931823,8399.915935258921,113954.39352250088,100950.15205701413,127702.40460682576,2.086649143051294,True,False
6.62679700366597,0.001,x,x,z,4588.431513613465,-86157.58093262289,97306.59637629855,-10284.331088569874,-32442.220066062913,11808.502844202534,5517.433570810284,-18711.414619593525,29838.161672659848,117580.50679349923,102386.41786036965,133882.5500509939,-2.6491814816008294,True,False
6.62679700366597,0.001,x,y,x,-29639.621086043764,-107188.27054714378,47762.8529951585,-6691.149638445037,-28841.746135952795,15702.942219852763,-11799.552164956167,-33043.71871533886,10997.065471770635,113954.39352250088,101293.51951236684,127043.18171947257,2.086649143051294,False,False
6.62679700366597,0.001,x,y,y,37268.69777289203,-436667.5567030627,535906.5463836084,65781.73038935347,-54054.903802267516,183337.67586244998,32826.82915414286,-66823.91564554053,133059.46175142963,575913.6748205537,510964.6582987516,638273.3942753754,-0.46286853588639815,True,False
6.62679700366597,0.001,x,y,z,-17928.599370945274,-125939.30524290995,91317.9062685076,-3890.0706214610755,-26587.762854924364,17805.41785664278,11432.213078925139,-10315.420124233846,34220.88036783252,120979.68947353517,107560.15148513691,134589.6953399933,-1.8987793035394627,True,False
6.62679700366597,0.001,x,z,x,4588.431513613465,-83729.6619176607,96946.9921377418,-10284.331088569874,-31452.024851207236,11195.772091789771,5517.433570810284,-18785.943992099183,29395.4459207933,117580.50679349923,101826.53141258315,133809.7830864982,-2.6491814816008294,False,False
6.62679700366597,0.001,x,z,y,-17928.599370945274,-129299.72541314928,91718.98435701213,-3890.0706214610755,-26492.175040137576,19128.26933785967,11432.213078925139,-11264.99073679806,33150.62299011739,120979.68947353517,108819.28655603841,133703.91456691382,-1.8987793035394627,False,False
6.62679700366597,0.001,x,z,z,221952.8276803703,-213173.88140751817,645595.1524434434,77157.49425934539,-20583.56472623823,174108.19003829546,-13563.303515958489,-106757.41640999792,84600.8918044405,501463.9855206151,438424.3125697253,564799.2357439827,0.17400941836653877,True,False
6.62679700366597,0.001,y,x,x,-62482.1999666507,-499931.47417342366,408823.7826466857,61560.088705593924,-104888.55467509358,237668.88344612118,-83390.42723006874,-244041.78877810968,81173.30727854698,893932.2822272282,790230.906356426,1007842.5106481763,0.934880191184851,True,False
6.62679700366597,0.001,y,x,y,-28810.270004814935,-105187.40352448674,46481.48634000232,-20676.393559282846,-58077.09758025573,15507.318481872151,-3093.9248505384276,-37993.61523612416,29415.583812871904,187753.6585935586,167111.12453357465,209231.52440458932,2.9930590925060523,True,False
6.62679700366597,0.001,y,x,z,3513.7184051419645,-96411.56703385702,91515.16429718303,-5114.452655227706,-47418.29156839596,35721.533893807406,19357.036899963176,-14804.611879099008,57115.202349594474,195293.6351937979,170997.91479529304,220471.60495047818,-1.8291100250319337,True,False
6.62679700366597,0.001,y,y,x,-28810.270004814935,-102096.93895315303,45619.05821857248,-20676.393559282846,-59100.667001852315,16474.64424140361,-3093.9248505384276,-36846.22808571844,29342.398194861384,187753.6585935586,165649.9543726961,209182.77738046536,2.9930590925060523,False,False
6.62679700366597,0.001,y,y,y,35501.24069263578,-452558.41214377835,501111.4566892961,105765.1040583187,-77143.28181604421,280834.4815752151,-54014.77533064219,-230101.7585819567,130159.06063163556,952296.9481676638,853367.9168580892,1056184.2071493042,0.47217494657851117,True,False
6.62679700366597,0.001,y,y,z,-18600.06998690354,-121614.49164133417,87509.42159080462,9923.057165231974,-31557.125878031635,51762.52873451738,16719.465188259717,-18269.75801930969,50673.44784957453,200517.0250996317,178518.35570573807,221323.70162257284,-1.0351675327377463,True,False
6.62679700366597,0.001,y,z,x,3513.7184051419645,-91123.16814041369,97254.72565178314,-5114.452655227706,-45569.50512245286,34901.23008325534,19357.036899963176,-16590.490510654046,55864.538655614415,195293.6351937979,169426.32376275377,222588.1439745086,-1.8291100250319337,False,False
6.62679700366597,0.001,y,z,y,-18600.06998690354,-135762.06537198834,89960.08099695708,9923.057165231974,-31176.133016757725,49226.25619058819,16719.465188259717,-21416.341463033914,50110.227665006234,200517.0250996317,179672.79956538999,220760.066635769,-1.0351675327377463,False,False
6.62679700366597,0.001,y,z,z,220817.27382303416,-197596.17915498954,660738.740976775,56916.33276958612,-93723.80581158875,219093.06981741328,-115612.70039624479,-281819.4649944703,62211.09382831669,827806.1078586602,726084.2728284602,932354.8725316414,1.1133262755940287,True,False
6.62679700366597,0.001,z,x,x,29682.58222292358,-16705.126009143976,73500.4836141088,-21352.662079389753,-129513.49093480392,82467.33988555234,16324.175485748954,-100535.3284342413,134296.08190499467,567214.4643430323,493800.0569502267,644533.2445259067,-2.488874017192235,True,False
6.62679700366597,0.001,z,x,y,-5143.750747771894,-16429.89930010526,6606.113215157556,-7726.408260118822,-32609.378097151777,17557.744781662666,-511.18114637538383,-26725.812560581464,25000.469835656804,124946.55223602771,108115.55574389889,141946.93733899886,3.075528676896478,True,False
6.62679700366597,0.001,z,x,z,-5351.201353298791,-13798.546175657193,3563.534166985215,-6828.222335670267,-34320.04774375667,21936.45978542138,-25167.234961802125,-50857.640263869405,-1060.9621068504193,139533.5493149883,124136.11395290848,154888.6062778981,1.8357324423645556,True,True
6.62679700366597,0.001,z,y,x,-5143.750747771894,-16491.08360701723,5975.230920212796,-7726.408260118822,-32627.422922299185,15325.877770015462,-511.18114637538383,-26483.041601122415,27626.78594894322,124946.55223602771,107540.42389425352,141739.5405365496,3.075528676896478,False,False
6.62679700366597,0.001,z,y,y,-4053.2408005182533,-54641.64118396705,43513.13920503796,-45173.49311079733,-161482.79926684962,77402.19263296574,107860.69799922958,-6439.913616894857,223731.21030914946,613344.1964284054,538249.2826943204,694459.3041793145,-1.967415121695317,True,False
6.62679700366597,0.001,z,y,z,-4001.0418761896053,-15299.900609681796,7478.402369590758,-13520.653126819223,-40008.00440330281,12468.769798783533,3493.324059744018,-20024.581677573413,29412.93404119989,135200.69225926197,120813.55543969022,148827.71924180357,-2.888752480704592,True,False
6.62679700366597,0.001,z,z,x,-5351.201353298791,-13617.434089444725,2943.7216184518525,-6828.222335670267,-32675.942006565434,20104.42975439605,-25167.234961802125,-51323.663071280076,2184.0882032204067,139533.5493149883,123586.33316180205,155650.75602795664,1.8357324423645556,False,False
6.62679700366597,0.001,z,z,y,-4001.0418761896053,-15787.059257700335,7063.752691593286,-13520.653126819223,-39069.0476601565,13137.63491199122,3493.324059744018,-19860.979209631314,29279.045964622048,135200.69225926197,121156.71169116195,148948.95267895717,-2.888752480704592,False,False
6.62679700366597,0.001,z,z,z,12451.355329776507,-38310.47284386818,61075.90524702509,12524.26150442618,-100238.61560059778,124172.87072731447,9906.74369584528,-109063.61889198581,118720.97302341372,590277.8513092895,523866.06372632954,662627.4196705505,-0.6692315896338461,True,False
6.62679700366597,0.003,x,x,x,-18497.667742662787,-66750.55848902478,32070.57554752626,9910.477840651398,-2233.7702313204304,21773.762420307987,-3580.0993759727908,-14956.050716014639,7826.949379888023,61290.66175250265,54315.15549033848,68681.71218872016,0.3466563041423148,True,False
6.62679700366597,0.003,x,x,y,2310.991328384421,-7892.370756101932,12536.378018601876,516.5831977071772,-1811.837134913478,2868.0571643808275,-859.3973788075141,-3336.6052891826344,1704.7795073257441,12035.063470005427,10317.266717429537,13949.97066368197,1.0295688798867577,True,False
6.62679700366597,0.003,x,x,z,6375.952993607057,-2488.049483207402,15326.258222047953,92.02467700776472,-2469.3148744843747,2532.741171118746,-1596.654891255013,-4067.7138003463097,744.7169977613058,12817.58893772936,11294.321674381403,14307.351366015453,1.5132240979938263,True,False
6.62679700366597,0.003,x,y,x,2310.991328384421,-7955.824308151277,12974.364706797933,516.5831977071772,-1951.791500307057,2755.844359149329,-859.3973788075141,-3404.2337078495552,1592.6816020809351,12035.063470005427,10203.58920720331,14051.550369862927,1.0295688798867577,False,False
6.62679700366597,0.003,x,y,y,-3845.2179841734087,-48043.52719657103,40370.65189541504,9092.654613169701,-2068.5288795491947,19985.518384648825,-4303.6544467620115,-14861.299272992534,5972.046724535712,58109.0451036898,52514.03005862478,63950.590378942485,0.4420694519999809,True,False
6.62679700366597,0.003,x,y,z,-4732.541983402021,-14595.801901698964,5044.250101529766,-1005.4742955330078,-3426.5335520004787,1607.500619938512,-1960.1790080537537,-4598.503444020944,701.2407105950084,12941.10820386897,11247.711576095606,14756.516615209133,2.04475037380675,True,False
6.62679700366597,0.003,x,z,x,6375.952993607057,-2246.1056346923265,15254.723541557812,92.02467700776472,-2413.5995033303147,2681.982194594745,-1596.654891255013,-3943.3053168122888,877.5495645665274,12817.58893772936,11367.460024817748,14373.65769851334,1.5132240979938263,False,False
6.62679700366597,0.003,x,z,y,-4732.541983402021,-14150.33701200797,4529.055704391697,-1005.4742955330078,-3390.5743580700682,1473.5103519711715,-1960.1790080537537,-4660.7190742735265,676.9334999199971,12941.10820386897,11220.401723915746,14791.53747015142,2.04475037380675,False,False
6.62679700366597,0.003,x,z,z,-79.9216023009376,-47136.21689569654,47004.3383809684,6114.2549188829535,-6190.29894879088,18088.08343958819,5452.453960497858,-6321.890341721185,16487.701636340673,62250.84338896177,54660.244152617335,69749.49562904118,-0.7282444641593798,True,False
6.62679700366597,0.003,y,x,x,-18675.537746143546,-65531.20539589607,29574.52489393054,4810.991957633533,-17340.561162548773,26537.839066947174,-16679.813293878793,-32871.76551567264,-701.9365126307641,101285.28295184526,89479.55740666356,114035.09155176418,1.28998586901518,True,True
6.62679700366597,0.003,y,x,y,2397.5512071603544,-7911.521340287826,12593.959118562832,-449.87278938836903,-4851.355036121275,4074.401921952949,-1561.1430218372398,-5295.75114853688,2124.309879620324,20101.77732646332,17162.92952830849,23346.617172674753,1.851363825707932,True,False
6.62679700366597,0.003,y,x,z,6443.871740127266,-1995.251103383552,15450.348139325331,-1888.7205316292352,-6146.760181848363,2411.4764523940776,-1732.002770803706,-5588.510288182228,2161.869916237766,21262.946893095155,18682.800448801343,23787.061159982477,2.399451041205767,True,False
6.62679700366597,0.003,y,y,x,2397.5512071603544,-7837.555198256493,12598.205775369204,-449.87278938836903,-4822.43146682827,4111.256767471677,-1561.1430218372398,-5328.448319472116,2293.41750143195,20101.77732646332,17137.58505421488,23268.393095784682,1.851363825707932,False,False
6.62679700366597,0.003,y,y,y,-3844.449460764001,-46190.094588181135,37480.96099974172,3390.2462391365952,-14157.642932166664,21913.40666995624,-16355.361840427278,-34176.65627439522,1683.146995691342,96480.06812955023,87339.43169956104,106285.87542536006,1.3664044039767904,True,False
6.62679700366597,0.003,y,y,z,-4688.871957536327,-14756.677898307029,4933.691972679967,-3516.3697457667527,-7600.160215527944,832.2586458764181,-636.2738321529907,-4840.870289874646,3702.358092391645,21456.923688990915,18477.774886952517,24442.61772517778,2.962583337086704,True,False
6.62679700366597,0.003,y,z,x,6443.871740127266,-2036.9854928068055,14907.49465705593,-1888.7205316292352,-6133.9140594218325,2445.3415889861353,-1732.002770803706,-5677.891786492952,2159.6158593711984,21262.946893095155,18783.78379105221,23846.385342065038,2.399451041205767,False,False
6.62679700366597,0.003,y,z,y,-4688.871957536327,-14158.594705184563,4526.278741879838,-3516.3697457667527,-7810.130933368587,700.3896833726102,-636.2738321529907,-4839.537650317627,3650.1999850544175,21456.923688990915,18480.215885652084,24533.200773713128,2.962583337086704,False,False
6.62679700366597,0.003,y,z,z,-105.3478291883639,-43505.93122984897,45077.88757989789,13289.999213294204,-7411.441421560724,32696.845643437777,-2646.4010197082043,-21567.041365469922,16062.064798387919,102542.44174629527,89677.20644068097,115558.09728453853,0.19655623821256504,True,False
6.62679700366597,0.003,z,x,x,1133.5882463950718,-4113.356339217584,6364.263667823685,-2532.634509734108,-14172.799477712417,8999.315466524176,887.9354466565801,-13110.138229688006,15093.854697291672,63886.8737015656,55790.8618578316,72161.18998286121,-2.804385597527053,True,False
6.62679700366597,0.003,z,x,y,-459.83159287549034,-1665.493017754045,789.5161120413554,-579.6682085553468,-3001.8179912411483,1972.3040401150151,600.0263580969505,-2366.8553981178643,3519.686516486291,13515.252121249358,11585.346319090831,15556.210480376676,-2.3389390670234156,True,False
6.62679700366597,0.003,z,x,z,-500.0344650168081,-1756.8427408199436,739.3651522694707,412.5188013807608,-1812.5391636430502,2563.5607352481056,1888.24608012767,-938.8826170130855,4880.392573537908,13508.757173747124,11870.204408381695,15141.596047878424,-1.3557090505529679,True,False
6.62679700366597,0.003,z,y,x,-459.83159287549034,-1580.2781641093527,696.5153120118881,-579.6682085553468,-3165.5909476507986,2005.3649562131031,600.0263580969505,-2405.5448465110094,3460.824432977063,13515.252121249358,11566.225921083249,15731.500336449093,-2.3389390670234156,False,False
6.62679700366597,0.003,z,y,y,894.0828085485382,-4362.923788757202,6126.911777877328,-9335.003402199032,-22440.74221155916,3904.822986815165,1932.6193840350124,-11810.98580986229,15472.581626502513,70089.24668267833,62204.60360165482,78283.87956685967,-2.937447361398076,True,False
6.62679700366597,0.003,z,y,z,86.9577805103555,-904.8458929765571,1052.8768148858308,466.86693320403697,-2290.5590449469973,3443.5645226578054,1043.4810475499794,-1683.2683121468856,3817.4480665061246,14771.085629103643,13114.608174728253,16498.928286026374,-1.150095875542731,True,False
6.62679700366597,0.003,z,z,x,-500.0344650168081,-1730.935330149282,685.9269262040793,412.5188013807608,-1742.9198327311228,2507.347450199055,1888.24608012767,-1077.7272788508546,4748.442297769229,13508.757173747124,11814.22798558144,15171.704516863236,-1.3557090505529679,False,False
6.62679700366597,0.003,z,z,y,86.9577805103555,-910.2043388081336,1053.2993163622195,466.86693320403697,-2237.425580786774,3147.9721051223714,1043.4810475499794,-1710.1999497825918,3633.3710530973635,14771.085629103643,13063.639764122921,16474.818960115404,-1.150095875542731,False,False
6.62679700366597,0.003,z,z,z,-301.46862755191796,-5525.010375435926,4776.511189562875,-5809.170682803989,-20851.091686879903,10031.795047126798,5226.297413491274,-8508.616048839338,20145.404868118643,75849.62660589047,66043.26312510738,85905.68398393178,-2.408963629144504,True,False
6.62679700366597,0.01,x,x,x,600.5918577763155,-3882.332753585447,4857.516456662733,575.8403025368027,-532.543961792364,1759.632164662263,-198.3189646240628,-1248.864382828693,870.8308236504054,5642.226618581128,4914.41306729044,6450.670727071113,0.3316765943431905,True,False
6.62679700366597,0.01,x,x,y,-524.5113907933785,-1255.1848844977426,171.99718995345717,119.30937295259548,-105.06920614466358,327.24741296373656,3.2118411993016736,-233.1138062153893,252.3557815059958,1231.1077592968325,1097.976312534029,1369.9165712431184,-0.026913775355038007,True,False
6.62679700366597,0.01,x,x,z,-394.72746710377163,-1321.7988742262771,542.4456712423055,44.71909226483348,-172.05190452362876,272.82711277033127,-92.15072947188625,-323.13158297716734,143.33582003443104,1154.6229940649082,993.9995407981262,1321.2877528213273,1.1189922754891837,True,False
6.62679700366597,0.01,x,y,x,-524.5113907933785,-1239.0468286246576,213.1522783953052,119.30937295259548,-105.48677314386755,341.7724582642263,3.2118411993016736,-251.29898597889112,256.2674991551171,1231.1077592968325,1097.9288834994836,1369.854443920309,-0.026913775355038007,False,False
6.62679700366597,0.01,x,y,y,269.46283331784093,-4255.552807868926,4650.492289424404,225.0815974279928,-790.039337432284,1192.712264010445,-858.1318646737977,-2027.251951213378,318.57594234540386,5665.6903781801975,5003.481260427732,6330.069151926003,1.3142820805124267,True,False
6.62679700366597,0.01,x,y,z,799.2190717866845,-74.67093340204535,1681.1136501275826,-163.80591333572218,-335.8960829824296,10.32651452592485,86.22206130201772,-132.2861974419917,311.5761402433069,1004.1220894773712,867.4565133957627,1143.6263463090916,-2.657074460355094,True,False
6.62679700366597,0.01,x,z,x,-394.72746710377163,-1298.6836906225387,526.6230147323403,44.71909226483348,-166.5215090125481,251.4378639304728,-92.15072947188625,-343.5698149959136,154.73694862018476,1154.6229940649082,1001.359351764035,1311.9616338024275,1.1189922754891837,False,False
6.62679700366597,0.01,x,z,y,799.2190717866845,-133.62331110649149,1682.1209757046142,-163.80591333572218,-336.3040201289484,17.21854827559073,86.22206130201772,-118.44064926769349,297.00826800505683,1004.1220894773712,871.9634644471809,1145.5601912783172,-2.657074460355094,False,False
6.62679700366597,0.01,x,z,z,-1026.8873439972972,-5050.104873297466,2964.473170987495,637.580680441725,-257.9617679288429,1555.4588064856787,-536.9097299489638,-1564.465389713216,526.9725980279725,4908.102394867471,4248.99914555831,5622.770486486876,0.6998925790572362,True,False
6.62679700366597,0.01,y,x,x,566.9355560834546,-3732.7388237926916,4942.747328984229,245.89849695565795,-1645.3252897013779,2106.1277392939955,-954.9210075583921,-2786.1787426762367,855.5150379336238,9343.395296293047,8136.329857465859,10622.335918386494,1.318765167575561,True,False
6.62679700366597,0.01,y,x,y,-523.8735312106485,-1248.2238244746559,209.40292170829264,124.83941078023568,-256.02744505005074,506.6746674823358,-155.02506626143452,-522.4757616562138,220.92253948815878,2050.606138428023,1827.9559781613552,2271.7724099242114,0.8928409244120011,True,False
6.62679700366597,0.01,y,x,z,-389.6253685874586,-1314.2553526402928,499.9150159500142,-67.24280038680928,-419.3324733393246,294.4509463090628,-152.42603503600063,-529.904760763694,226.38313646246402,1919.9250731103903,1662.9502223390518,2175.5758397709205,1.986266566879145,True,False
6.62679700366597,0.01,y,y,x,-523.8735312106485,-1277.9351582049999,149.99811412119956,124.83941078023568,-291.46788588303576,526.3920882389658,-155.02506626143452,-554.546111948662,229.34803544674966,2050.606138428023,1826.8993338918356,2262.034707647682,0.8928409244120011,False,False
6.62679700366597,0.01,y,y,y,272.5366493184148,-4024.6028826721663,4139.253616457533,-906.133152232707,-2638.071558267587,947.3212679175464,-1157.1439442065443,-2966.006875741729,590.5683552861617,9374.683999055798,8322.639265869137,10479.128403234829,2.235133033367186,True,False
6.62679700366597,0.01,y,y,z,805.0690229276295,-69.87403235893593,1666.4378678039911,-37.868121509613104,-398.73552595406966,342.19167952633194,302.17801578939543,30.737233575688975,581.5788515469111,1666.553486833539,1444.453679185038,1903.119953368411,-1.6954636899663071,True,True
6.62679700366597,0.01,y,z,x,-389.6253685874586,-1295.8353976322708,513.8855899033615,-67.24280038680928,-431.58514403275177,299.36871370213703,-152.42603503600063,-530.2961444898456,237.01526590143285,1919.9250731103903,1653.9964874978352,2189.744214259011,1.986266566879145,False,False
6.62679700366597,0.01,y,z,y,805.0690229276295,-112.81779868756622,1666.5339423797639,-37.868121509613104,-412.3448839910241,338.17647820808014,302.17801578939543,25.60062367232326,578.265067665471,1666.553486833539,1434.5247190336404,1900.2970298112673,-1.6954636899663071,False,True
6.62679700366597,0.01,y,z,z,-1026.9941254697014,-5146.371151730354,3375.1773349213245,-74.23786661712506,-1625.7482254077495,1482.5720968139296,-1381.986621692609,-2911.937553180244,228.8869980216531,8122.155090795568,6959.541575486491,9331.193025871453,1.624462969240977,True,False
6.62679700366597,0.01,z,x,x,38.12256390676231,-487.4305740059248,598.9452901902511,-84.51027840002956,-996.6568415605028,901.0934673816295,671.4388021330077,-500.752072357752,1819.0406140580453,5487.833509410011,4827.459681272856,6197.428277695846,-1.6960023855522457,True,False
6.62679700366597,0.01,z,x,y,-33.48070216471274,-136.76426232039424,80.78118956005451,-98.2350077732811,-318.4734787390129,124.02029290265584,-21.35565454250753,-267.141394921779,225.22030694263884,1185.403655516141,1044.3947294847494,1332.5460745725397,2.9275298503208136,True,False
6.62679700366597,0.01,z,x,z,47.87225814819567,-52.52242208621496,148.2450102587427,-35.88013019727698,-270.35859502020526,199.66551753654204,10.866843796047423,-208.5089854420457,237.44582811302186,1175.3770657472505,1037.3076995883928,1316.449095595509,-2.8475092873463073,True,False
6.62679700366597,0.01,z,y,x,-33.48070216471274,-138.1848269224765,72.60679025705782,-98.2350077732811,-313.86584706763875,123.90818185154936,-21.35565454250753,-265.6592573795593,222.63982185272275,1185.403655516141,1046.6388997027027,1330.406894560426,2.9275298503208136,False,False
6.62679700366597,0.01,z,y,y,-29.768134800164177,-479.7533219864187,389.52012314046596,364.7739922634521,-763.8710322253377,1464.9333048138133,912.0063428795987,-313.6468819093946,2030.486766909105,5996.5469693859195,5220.764948830642,6804.33552384028,-1.1903169318720488,True,False
6.62679700366597,0.01,z,y,z,-80.35170434891988,-177.07230871175682,14.935722808573336,67.76321001233595,-143.40653296498058,269.8107552098059,55.6949459063857,-173.90202820049933,279.0945873420181,1156.8339205500267,1024.9728948381976,1289.2958486252126,-0.6879558861253069,True,False
6.62679700366597,0.01,z,z,x,47.87225814819567,-49.88527037744221,140.27567721713763,-35.88013019727698,-269.29201313258125,195.40326930889907,10.866843796047423,-198.7726763228305,230.86122779046292,1175.3770657472505,1043.31039786759,1318.3175462401905,-2.8475092873463073,False,False
6.62679700366597,0.01,z,z,y,-80.35170434891988,-173.62095912916817,11.010159854135537,67.76321001233595,-133.17297356193401,272.08436042341526,55.6949459063857,-177.90799476319643,274.6672346442936,1156.8339205500267,1020.4470299845136,1291.4271858789164,-0.6879558861253069,False,False
6.62679700366597,0.01,z,z,z,197.47970887226256,-307.53583338282795,662.0115484821574,-60.41813851314333,-1125.5052150857016,993.8166461804619,-203.02661552123277,-1498.430234250771,1065.7767486169575,6134.912377479273,5456.039531350571,6846.082671965357,1.8600381505027546,True,False
6.62679700366597,0.03,x,x,x,68.71393126361818,-440.3441078934532,541.1345102967117,15.50497990795463,-96.86956293885721,132.30814311548397,-46.01530511025934,-146.06132084972117,61.37843943009368,570.9358395487275,509.2827181112955,639.530159932441,1.2457919141285447,True,False
6.62679700366597,0.03,x,x,y,36.83943767361414,-54.231229686192314,121.54250773085933,-16.17229378964657,-36.130453990176036,3.8370055198882755,-9.352480355686934,-35.074205384224236,17.5846996301369,124.62952586643152,111.64932112125395,137.44901859094833,2.617279886924236,True,False
6.62679700366597,0.03,x,x,z,-118.70547684968466,-215.41599701703174,-21.281047150822317,4.450885212811411,-18.31126498758217,26.624820628251683,2.6489077040630016,-19.948908606720224,26.0241808159177,115.41405541582449,99.52791480184965,131.47650019434826,-0.5368396147626955,True,True
6.62679700366597,0.03,x,y,x,36.83943767361414,-53.121489990452034,123.8808816418181,-16.17229378964657,-35.84878310898017,4.286825788409163,-9.352480355686934,-33.01345199927729,15.7841903386094,124.62952586643152,112.80880723141185,136.7945367595971,2.617279886924236,False,False
6.62679700366597,0.03,x,y,y,-301.789579566639,-783.3857011841726,203.70511303677984,6.364763163950997,-128.6757038717123,139.81543344725708,-24.251494470761642,-136.4637020260716,86.23479243683985,642.9593202043626,576.7512341852987,710.7230396975904,1.3141363769949232,True,False
6.62679700366597,0.03,x,y,z,-22.770861422667735,-127.28884768269836,79.51433915355578,-13.817606699797015,-36.43685852366134,7.291071008358744,-7.4332805978977605,-32.54790370942773,17.31534158949002,119.72167101428691,104.58383817334018,135.91962664783722,2.6480423681429013,True,False
6.62679700366597,0.03,x,z,x,-118.70547684968466,-215.8125195546495,-28.167663508882676,4.450885212811411,-18.678830151622403,25.575681811425266,2.6489077040630016,-20.054824164111967,26.310443013542326,115.41405541582449,100.23848714971277,131.09095617358642,-0.5368396147626955,False,True
6.62679700366597,0.03,x,z,y,-22.770861422667735,-126.12027995385337,76.30471468958932,-13.817606699797015,-37.41395293238831,7.007262850197624,-7.4332805978977605,-31.563487453543768,16.77918819175118,119.72167101428691,104.51432691091163,135.00178209423214,2.6480423681429013,False,False
6.62679700366597,0.03,x,z,z,-158.53539856070256,-610.8795932846864,310.5704122067794,49.72788219455602,-63.5276314813231,161.45464319744275,8.296214730659337,-101.82283399545612,120.05624618319199,591.1140019946438,520.5930680417401,663.3319327489764,-0.16530978621205497,True,False
6.62679700366597,0.03,y,x,x,68.70684788646547,-441.8824305116613,557.7204300259793,-45.497238931005086,-226.07774898519241,138.5097787013636,-66.57650980381166,-255.9070025852676,116.27679221672342,945.4439231477363,837.8082765127589,1050.2164199956735,2.1702825035591453,True,False
6.62679700366597,0.03,y,x,y,35.94123264250771,-53.43108097335548,127.89039763571917,-30.358623067883432,-67.91697980306893,5.4477281053920645,12.25496888083007,-27.044360479242687,50.11345747546987,207.441756232736,187.38665314191806,227.24782482565632,-2.757923560918062,True,False
6.62679700366597,0.03,y,x,z,-116.87114036647252,-220.7999228036858,-21.432663622987416,11.618522855747603,-22.68448032919832,47.183160697954825,-3.610304612355648,-41.18341175297109,36.91679238699007,191.69523512978137,166.55710184318613,217.6915378007089,0.3012778882736674,True,True
6.62679700366597,0.03,y,y,x,35.94123264250771,-53.67458474313614,124.70236501140354,-30.358623067883432,-67.38786612223478,6.608482188929337,12.25496888083007,-27.50280388330709,53.38305725075457,207.441756232736,187.11369017873182,227.795866817311,-2.757923560918062,False,False
6.62679700366597,0.03,y,y,y,-300.1515302468697,-800.1375804444625,172.4934584160952,-22.51246318993421,-221.5551750690772,191.26231916371864,-33.01712780617747,-234.45104822253492,176.7184747583077,1061.9334958753586,948.3991034308726,1179.6968646070102,2.169231453403952,True,False
6.62679700366597,0.03,y,y,z,-22.200101629148833,-128.0378007840076,77.99839846880792,-22.531631783982863,-60.77772389426194,12.643585684203602,10.766867823577172,-29.74888189408382,48.723905951892704,199.4787880939811,175.0161555269295,225.23959033483567,-2.6958169332189548,True,False
6.62679700366597,0.03,y,z,x,-116.87114036647252,-218.4901810245469,-10.158549561477349,11.618522855747603,-22.284551450691225,47.68676346947117,-3.610304612355648,-42.0859445860249,34.60825673312673,191.69523512978137,167.36989107198346,217.38563591124077,0.3012778882736674,False,True
6.62679700366597,0.03,y,z,y,-22.200101629148833,-125.89966785124197,79.38423795611901,-22.531631783982863,-60.49805109273451,13.045811496687401,10.766867823577172,-28.358703032284982,50.88988160553107,199.4787880939811,174.92117572764698,224.23378145369114,-2.6958169332189548,False,False
6.62679700366597,0.03,y,z,z,-162.14339950903644,-619.0060858781023,309.87277225825034,53.53023819281165,-131.64027092996105,244.92683099121382,-56.90560221750177,-249.00904560649997,125.10115207345716,976.5236397791889,865.7215015832766,1103.5612329302753,0.8159526786507226,True,False
6.62679700366597,0.03,z,x,x,9.368588547366652,-46.142973464454144,64.58103615564217,-39.4823809043132,-167.03204125425648,90.87423810278347,44.95630349046993,-107.30600051012675,190.48623043295999,694.6762836707446,603.1227022885008,791.1841847167334,-2.2914578859666084,True,False
6.62679700366597,0.03,z,x,y,-4.9902758580437325,-15.940346560661663,5.929127639829183,-9.745321318678126,-35.10063930985343,16.682975361398466,-22.354939233020445,-48.77654522859839,3.743042137736764,137.87955203363595,120.54993091285144,155.2449762801904,1.9818932250700945,True,False
6.62679700366597,0.03,z,x,z,-4.42173322238246,-16.286930462377597,7.019277115627908,3.1131061470049035,-23.668389908729033,31.89089035413132,-7.985147415058251,-35.58393032763339,19.135188584362,140.30993673251982,122.46064565435412,158.22299354804514,1.1990599739896095,True,False
6.62679700366597,0.03,z,y,x,-4.9902758580437325,-16.078955406312996,6.186179238559228,-9.745321318678126,-34.87378654754524,18.06587216886927,-22.354939233020445,-47.82253686611348,4.071356573182479,137.87955203363595,121.63753730232463,155.29125294394473,1.9818932250700945,False,False
6.62679700366597,0.03,z,y,y,21.25621356465173,-27.41948529835346,69.76320379766084,-57.59202496209469,-180.43651673926334,65.94998890490503,-7.784170122974604,-136.11149301395008,121.35873404312082,677.9526473687599,603.9240913243694,760.5095255796743,3.0072462466187946,True,False
6.62679700366597,0.03,z,y,z,-2.969230327603179,-13.209741075447662,7.470541032213364,-19.249482254967777,-40.883484913102606,1.456671184466009,12.856604989323795,-12.577211336003055,38.643000821138145,128.1916978650322,114.17455322908255,143.0955638079676,-2.5527411519519974,True,False
6.62679700366597,0.03,z,z,x,-4.42173322238246,-15.660442729630207,7.166094491064629,3.1131061470049035,-23.90350615467168,30.737912929563155,-7.985147415058251,-35.97530902476964,19.767800253539427,140.30993673251982,122.20637570575934,159.67954237135166,1.1990599739896095,False,False
6.62679700366597,0.03,z,z,y,-2.969230327603179,-13.03887543280601,8.282172826895923,-19.249482254967777,-39.49096343086362,1.5015999134998643,12.856604989323795,-12.547876824979767,40.322484128180484,128.1916978650322,114.88954828959582,142.738535873065,-2.5527411519519974,False,False
6.62679700366597,0.03,z,z,z,23.409186765904717,-27.658623845791364,73.84634734390761,4.63026242853698,-131.63515175993496,130.36263313744456,28.131924652595234,-100.51899367609262,147.39556655784435,656.4634775843697,574.1098871661619,740.6396796328148,-1.4076678658919823,True,False
6.62679700366597,0.1,x,x,x,-3.5950224681975946,-48.26880373290409,41.27754556240054,6.6332621117894375,-3.689583133726342,16.849854110854768,0.24915647561147392,-9.375869345767342,10.237629498254535,53.40030817605242,47.63711422315361,59.792089802272166,-0.03754403095916806,True,False
6.62679700366597,0.1,x,x,y,6.56129988664575,-1.4737175708605041,14.723227096930724,-0.4492065670957336,-2.376644980000045,1.5663922308478768,-0.6521929176687691,-2.810153605639827,1.633340116717823,10.48786384681646,9.11775494910111,11.927224105213748,2.1739410264823595,True,False
6.62679700366597,0.1,x,x,z,-4.906037809419814,-13.040535394617022,3.660002941940725,0.31072786775254724,-1.7401544163474219,2.3767632017510163,1.60563825168924,-0.6452528592455901,3.955632028838861,11.823191232141928,10.573409039665934,13.075203733527355,-1.3796363759229964,True,False
6.62679700366597,0.1,x,y,x,6.56129988664575,-1.543240517036858,14.972563346717829,-0.4492065670957336,-2.3885488238849355,1.5011988723051948,-0.6521929176687691,-2.8910370945850477,1.508245458147283,10.48786384681646,9.133893268695767,11.88954390231099,2.1739410264823595,False,False
6.62679700366597,0.1,x,y,y,-6.681171865737289,-44.09107772996195,29.25061010676483,6.163971340186579,-4.317242112079873,16.862711587750386,0.35759329316805966,-8.006754886438852,8.832574190650657,48.0800567432555,42.19571366927664,54.95979101508894,-0.05794850660700787,True,False
6.62679700366597,0.1,x,y,z,0.16933488312487954,-8.291557142971588,8.694931974943604,0.6396263906588164,-1.376938125675951,2.7507320603532666,-1.328464147488249,-3.5430093457410816,0.8124951560685327,11.05864582828308,9.648589892867461,12.604576751601002,1.122075729716363,True,False
6.62679700366597,0.1,x,z,x,-4.906037809419814,-13.303869743539547,3.8007814694345097,0.31072786775254724,-1.7834764979686017,2.4280871420142,1.60563825168924,-0.7860495001288255,3.9259715779854103,11.823191232141928,10.536904815890804,13.083468547077096,-1.3796363759229964,False,False
6.62679700366597,0.1,x,z,y,0.16933488312487954,-8.411693291612005,8.203616183920946,0.6396263906588164,-1.3747740786316656,2.772483413919493,-1.328464147488249,-3.491756842831382,1.0964569970775857,11.05864582828308,9.694629047757783,12.500368474773888,1.122075729716363,False,False
6.62679700366597,0.1,x,z,z,8.168772867158701,-40.69687270893026,54.34436744136921,7.160585562755901,-3.37200182534487,16.904931148725712,5.740340857561188,-5.356414627858487,16.48267004940728,55.19047988153545,48.216837225146215,61.93095202247127,-0.6757511137977132,True,False
6.62679700366597,0.1,y,x,x,-3.8336854683817663,-47.44375764366208,40.656902063407614,6.487598681615949,-12.275235512944612,24.345179244840004,-8.496373959465181,-24.05168781736693,7.955609188025906,88.75060275721395,78.37746552770872,98.90157519267164,0.9186651686540659,True,False
6.62679700366597,0.1,y,x,y,6.613591642918546,-1.3716221123532266,14.738352779695147,-1.2093923852588622,-4.412380970211751,2.055691686793545,-0.06753268869733797,-3.631113073277985,3.366607040405641,17.36213059163248,15.129209664209421,19.64382268702982,3.0858104039713816,True,False
6.62679700366597,0.1,y,x,z,-4.9468440361866675,-14.140859773853768,3.7922687188715942,2.357441089606721,-1.3607903457981283,5.956774463669271,1.2019803446956319,-2.3126903360831896,4.63082764164309,19.606787522230533,17.415505302737795,21.722624619098905,-0.47150965431731634,True,False
6.62679700366597,0.1,y,y,x,6.613591642918546,-1.8111677620365185,14.495989150121519,-1.2093923852588622,-4.49735759599818,2.0138573016010897,-0.06753268869733797,-3.446460404607562,3.4395871790623636,17.36213059163248,15.017576522497583,19.61903688976633,3.0858104039713816,False,False
6.62679700366597,0.1,y,y,y,-6.702562162419305,-44.400719165377275,29.208609321802527,6.595168524690292,-8.474331650291754,21.491766093882003,-7.808685067229657,-24.670122165801235,8.636212333748185,79.27572628679971,69.46754743206772,89.51152064429928,0.8694491108639972,True,False
6.62679700366597,0.1,y,y,z,0.2051138972409734,-8.535630437772417,8.645042050283852,-1.0497537449580316,-4.85773373438977,2.6453550317626067,-2.1833864878610463,-5.38057941756362,1.0908369118468235,18.372380451769935,16.026347871359704,20.903517339356434,2.0189594199302108,True,False
6.62679700366597,0.1,y,z,x,-4.9468440361866675,-13.885830887099115,3.8422080784202026,2.357441089606721,-1.3970051856859476,6.0559443534029445,1.2019803446956319,-2.5723154691401624,4.84023699713187,19.606787522230533,17.500730479003835,21.68119792472026,-0.47150965431731634,False,False
6.62679700366597,0.1,y,z,y,0.2051138972409734,-8.415948420722554,8.582841024881871,-1.0497537449580316,-4.771652506355157,2.6965895999521683,-2.1833864878610463,-5.537344606391388,1.1434121922953127,18.372380451769935,16.02634724519024,20.963847195025892,2.0189594199302108,False,False
6.62679700366597,0.1,y,z,z,7.4393810588505325,-36.98688620893261,56.18648791532278,13.31440504656191,-2.8042078651113767,30.000027642290345,-3.6077801561323075,-22.127648197365613,13.663107494792369,91.31815592204873,80.28314441354904,102.77905251025307,0.2646140134825245,True,False
6.62679700366597,0.1,z,x,x,0.22570334357402677,-4.952454250832208,5.308732635964541,-4.708562857115268,-15.500378582923675,5.716818421928924,5.6975034507649065,-8.72317828019747,19.617853550746315,63.73689684417471,56.16544313038338,72.57131346239477,-2.2614440495507826,True,False
6.62679700366597,0.1,z,x,y,-0.004334670192538748,-1.1523042461094373,1.1134327423636199,-2.786336334387225,-4.991483007355425,-0.5037858675806455,-4.693031833942876,-7.104069095969374,-2.1908316215595613,12.97147172727845,11.361585264207433,14.629718573276769,2.1065837256145135,True,True
6.62679700366597,0.1,z,x,z,0.36488724439541054,-0.5631941645020304,1.419894294168112,-0.2929559809488816,-2.7131065347509375,1.9866699669899588,1.1417025297120116,-1.500002166214747,3.620513792570805,12.442402386644574,10.7669916830821,14.1770743428328,-1.821973026566513,True,False
6.62679700366597,0.1,z,y,x,-0.004334670192538748,-1.0913239961547692,1.1070479530460318,-2.786336334387225,-4.891232794841626,-0.462091118478681,-4.693031833942876,-7.111394751803522,-2.2833309834495457,12.97147172727845,11.381617526026062,14.719409195701783,2.1065837256145135,False,True
6.62679700366597,0.1,z,y,y,2.3673278889200797,-2.1225686618711133,7.227107934002821,1.252660039403212,-9.467440142228709,12.121882270335679,3.174435849258331,-7.640093435420598,14.41069623651433,55.55642921238606,48.2791853444743,62.92639976952375,-1.1949462351521094,True,False
6.62679700366597,0.1,z,y,z,-0.4009132889789092,-1.3782859599866513,0.6083331357505066,-0.0012510538756071998,-2.4068473811475544,2.4446871209939927,0.8091059975683221,-1.7617396352851125,3.305088431063663,13.011164196869167,11.435697696412726,14.630356859671677,-1.5723425430908662,True,False
6.62679700366597,0.1,z,z,x,0.36488724439541054,-0.5438798990731107,1.3836619567077846,-0.2929559809488816,-2.687563579915122,2.072470219355949,1.1417025297120116,-1.2878475089298258,3.7192663396522665,12.442402386644574,10.712510895300023,14.129282044038346,-1.821973026566513,False,False
6.62679700366597,0.1,z,z,y,-0.4009132889789092,-1.4464247265604124,0.5279028543727494,-0.0012510538756071998,-2.427335321767458,2.235272439830267,0.8091059975683221,-1.8521383151977016,3.209815663674704,13.011164196869167,11.423959544880564,14.741022462962908,-1.5723425430908662,False,False
6.62679700366597,0.1,z,z,z,2.5611132818836224,-1.9595033555332355,7.202082355239692,-2.7017828874685668,-15.514396785842285,9.895358971991458,2.651444604896758,-9.243608192218677,13.90910788544982,62.53412245681774,55.420061581324056,70.08011147575012,-2.3655975650727785,True,False
6.62679700366597,0.3,x,x,x,-1.7687871558117014,-7.069458160117211,2.925420303149284,0.49618770044628485,-0.6194205884289935,1.6613282121318709,-0.07646235750365626,-1.2048860376914323,1.097270310784637,6.041731171718061,5.386144498135024,6.746559821491771,0.152896966783558,True,False
6.62679700366597,0.3,x,x,y,0.19857332172393105,-0.6667561785115819,1.0366622910044856,-0.0773551699646412,-0.3237798521459107,0.16226450271204002,-0.062295734156140356,-0.2935172426797426,0.154218273556819,1.2344197973059532,1.091644614876269,1.374250733303749,2.4636156781793606,True,False
6.62679700366597,0.3,x,x,z,-0.1114220424514353,-1.047897732046708,0.8477584874430202,0.13381519050027219,-0.09568962617912381,0.3608619979006667,0.0036797330767794484,-0.21396467083682194,0.22567609663641072,1.1120878332740305,0.9549425391655723,1.277395429174563,-0.02749169191723553,True,False
6.62679700366597,0.3,x,y,x,0.19857332172393105,-0.6904275182277818,1.0079793741127219,-0.0773551699646412,-0.3238632257230108,0.17182919256699614,-0.062295734156140356,-0.286137692664678,0.16013471836815146,1.2344197973059532,1.0891498504938426,1.3845434241554446,2.4636156781793606,False,False
6.62679700366597,0.3,x,y,y,-0.49325888846278176,-6.420691453375455,5.294767496777037,0.4040730765837657,-0.7829812976214426,1.563218379708898,-0.14633734991259006,-1.3117957039642445,1.0724916089111716,6.326391102827111,5.613815049406783,7.064497552011761,0.34746260337734836,True,False
6.62679700366597,0.3,x,y,z,0.1998190457445561,-0.7465162056335614,1.1048389078023766,0.4483914951607467,0.23420633129862073,0.6670174844212109,-0.04295974181256236,-0.2510949118243611,0.1914921077591558,1.2004555749063286,1.065894079039102,1.3405056514469926,0.09551700917680464,True,True
6.62679700366597,0.3,x,z,x,-0.1114220424514353,-1.071482506662852,0.7731987056468604,0.13381519050027219,-0.07958122013443411,0.3472078975332722,0.0036797330767794484,-0.22671664466535654,0.22044521283021548,1.1120878332740305,0.9632352678073829,1.2849355369139088,-0.02749169191723553,False,False
6.62679700366597,0.3,x,z,y,0.1998190457445561,-0.672573652396656,1.1040056870430743,0.4483914951607467,0.22947630520393197,0.664217336813636,-0.04295974181256236,-0.2514300831071817,0.16218591720693015,1.2004555749063286,1.056804997533636,1.3401165195850269,0.09551700917680464,False,True
6.62679700366597,0.3,x,z,z,-0.08687010434780351,-4.964408960169688,4.582124901558246,1.1408351023434515,0.07408375730640235,2.203177992200647,-0.11298723930647486,-1.1909184618657516,1.0727725579810392,5.8452137668603115,5.144000333162767,6.594521703728173,0.09871713924502361,True,True
6.62679700366597,0.3,y,x,x,-1.813805731819328,-6.6028979068308224,2.970539919089373,0.3050924643582853,-1.5118207098412346,2.0112929603392535,-0.7253217593824993,-2.632367879098332,1.2630782561677865,9.969820006779969,8.862608501101525,11.188221253083539,1.1726324870135059,True,False
6.62679700366597,0.3,y,x,y,0.20209681735239254,-0.6753980117462038,1.0530186473175729,-0.1528953119428296,-0.5534845041250551,0.24304730433282212,0.039533211577518323,-0.3266495630716613,0.4077281411478136,2.051698342216322,1.8119183674765964,2.2905286816540595,-2.8885702105541635,True,False
6.62679700366597,0.3,y,x,z,-0.10447998794393867,-0.995060721800688,0.8244676364110863,0.1525316113554811,-0.20409136124577468,0.5402374589522789,-0.17503731698863903,-0.5362723612055732,0.19142773308976047,1.8471991077328622,1.6021192000284221,2.115783824905156,0.8539956144466563,True,False
6.62679700366597,0.3,y,y,x,0.20209681735239254,-0.6390302377708799,1.1100877107713476,-0.1528953119428296,-0.5436704218040229,0.24406057931582126,0.039533211577518323,-0.339319896642829,0.4141183993087894,2.051698342216322,1.814200008159556,2.298070721125161,-2.8885702105541635,False,False
6.62679700366597,0.3,y,y,y,-0.48607809852197625,-6.559411218010674,4.850839007120027,0.22443569391585294,-1.7417329671613966,2.328622086346539,-0.6833206846399018,-2.677239208471695,1.1670748064518128,10.486425907424117,9.313883841164182,11.762716615159288,1.253448493162786,True,False
6.62679700366597,0.3,y,y,z,0.20015431296023015,-0.7075270190868408,1.0933334831712496,0.39212313957157674,0.06169305649193522,0.7279658864338389,-0.6373023338632089,-1.019705756081417,-0.2599350387790635,1.9948622047736233,1.7575533043433658,2.230868397108675,1.0192129484098815,True,True
6.62679700366597,0.3,y,z,x,-0.10447998794393867,-1.0432799674536937,0.8407423266941793,0.1525316113554811,-0.23164113422336755,0.5104555145535304,-0.17503731698863903,-0.526903343394742,0.17540155745629316,1.8471991077328622,1.6041024877137369,2.134882042658316,0.8539956144466563,False,False
6.62679700366597,0.3,y,z,y,0.20015431296023015,-0.7077741009332564,1.1044060504473248,0.39212313957157674,0.06221510496978646,0.7181408438605623,-0.6373023338632089,-1.029176566255573,-0.2638045466394997,1.9948622047736233,1.7731217655701426,2.2374128919911755,1.0192129484098815,False,True
6.62679700366597,0.3,y,z,z,-0.11568525853789402,-5.270672767743346,4.795202975307661,0.9336309927108037,-1.0202872567113637,2.8704100270531665,-1.619449970932067,-3.3816655926138237,0.17260074120028185,9.704242591260213,8.592010769929912,10.835131890475775,1.0478271064667593,True,False
6.62679700366597,0.3,z,x,x,0.22244690751942248,-0.31194579629768954,0.7162421393146378,0.26438175442339573,-0.9247618609095368,1.422011194237165,0.7437751591187232,-0.5915740920846787,2.0944123559274312,6.702896443575449,5.979451501988091,7.399283984160262,-1.2292663427166972,True,False
6.62679700366597,0.3,z,x,y,0.029427332210911355,-0.09399053144456476,0.14405422714702995,-0.17282388822812234,-0.40855106965956683,0.06306393945328215,-0.12606515567607474,-0.3562590356618706,0.08701148902578311,1.190146259985085,1.029316392010385,1.3517086363502264,2.511378431199881,True,False
6.62679700366597,0.3,z,x,z,0.009537558149203606,-0.11932123120739505,0.13115799440828477,0.0550600857135159,-0.20449938590866296,0.32022000309794824,-0.10525929425625521,-0.3621086505243268,0.14962681049411186,1.3422613446426994,1.1732207772677596,1.5141455961242016,1.0888477962368424,True,False
6.62679700366597,0.3,z,y,x,0.029427332210911355,-0.09004441212066393,0.14510075580191514,-0.17282388822812234,-0.42203934115116143,0.06880918638440628,-0.12606515567607474,-0.3469606044417713,0.09233588124625747,1.190146259985085,1.0299492435789452,1.3560877480939717,2.511378431199881,False,False
6.62679700366597,0.3,z,y,y,-0.012857255632120035,-0.6150789533726979,0.6087161399623499,-0.3871447490136704,-1.5738557595935112,0.7601241572880583,0.13293533280835967,-1.2106270357747648,1.5071351054289208,6.355415539151334,5.545785004356508,7.206467517324641,-2.8108331313452246,True,False
6.62679700366597,0.3,z,y,z,0.03508658178410759,-0.06587024875871579,0.12975185162898661,0.19094448168147665,-0.06467065011298218,0.4456369101502551,-0.018867647032797585,-0.32056675163172604,0.260148015034755,1.4001244630141558,1.2054726369978659,1.5942373869907611,0.0984924892135831,True,False
6.62679700366597,0.3,z,z,x,0.009537558149203606,-0.11771783936891554,0.1307002566226066,0.0550600857135159,-0.20671665759913793,0.32154353922936557,-0.10525929425625521,-0.3670778280615959,0.1552325245014304,1.3422613446426994,1.1633059342016039,1.5118364616609696,1.0888477962368424,False,False
6.62679700366597,0.3,z,z,y,0.03508658178410759,-0.06685941778560918,0.1360272021358206,0.19094448168147665,-0.06114347314760886,0.44113718177159766,-0.018867647032797585,-0.32490750065731777,0.29240635358808836,1.4001244630141558,1.2078876048111156,1.5989420844728888,0.0984924892135831,False,False
6.62679700366597,0.3,z,z,z,-0.0728883736245092,-0.5456570552129285,0.42526486794792356,0.11414539327031087,-1.1875483242301663,1.4135838011334771,1.1632280060601972,-0.1619068606777223,2.4057697443751533,6.865590287457088,6.10305330968691,7.738182280041465,-1.4729813487260708,True,False
6.62679700366597,1.0,x,x,x,0.0007355909488803158,-0.47129006673581847,0.42348571778356947,0.08433198941067489,-0.024227118160328652,0.19055635887682787,-0.0010483440800701932,-0.09639083544639827,0.09509355775973144,0.534492296997952,0.4658703755826247,0.6076339505363524,0.012430515287622403,True,False
6.62679700366597,1.0,x,x,y,-0.03465922336373106,-0.10600189327122622,0.04014548376003147,-0.0007706959860080197,-0.022465559189216517,0.020746275394139885,-0.006384371722316414,-0.029220928349778772,0.014247915131329116,0.1125159574299222,0.09895068098356702,0.12632946785552995,1.6909310549967207,True,False
6.62679700366597,1.0,x,x,z,-0.05024114599901497,-0.13156539912851847,0.028726245178145756,-0.00555822340556521,-0.03153675645125939,0.018174420037706977,0.013199456430838355,-0.007092262834916035,0.03381812398721926,0.11181191244768704,0.09742740796087149,0.12739377431807014,-1.9693546507446449,True,False
6.62679700366597,1.0,x,y,x,-0.03465922336373106,-0.10482044069112922,0.03575014516502482,-0.0007706959860080197,-0.021083601282049606,0.020753287011980617,-0.006384371722316414,-0.027863155850567433,0.015174946990538138,0.1125159574299222,0.09899142133206702,0.12572063895756616,1.6909310549967207,False,False
6.62679700366597,1.0,x,y,y,-0.008425597914833563,-0.5383350112102772,0.5177530789958599,0.06426590749464389,-0.02368261690433375,0.15386686196619614,0.013701003190036067,-0.08480206432629213,0.11572095539366349,0.4744283420591879,0.41007050203726686,0.5440593304141023,-0.2100477862634856,True,False
6.62679700366597,1.0,x,y,z,0.10630702017980628,0.01184973684706575,0.1926940181279198,0.00021769262255599223,-0.022139143477615864,0.021775889466168014,-0.005654924235120403,-0.025216190616540134,0.013074693308318428,0.10643092056952208,0.09369713031465458,0.11914622487922272,1.5323192097854952,True,True
6.62679700366597,1.0,x,z,x,-0.05024114599901497,-0.1350782929233542,0.031710165983258064,-0.00555822340556521,-0.031205422957731183,0.018911967950208813,0.013199456430838355,-0.006511812018175816,0.03300232375122616,0.11181191244768704,0.09699846349797817,0.12743037878963273,-1.9693546507446449,False,False
6.62679700366597,1.0,x,z,y,0.10630702017980628,0.017309299257013865,0.1985117075809916,0.00021769262255599223,-0.0221419021798073,0.02105896778501514,-0.005654924235120403,-0.025192576224432005,0.012967838822362441,0.10643092056952208,0.09436856181710279,0.11941624180966334,1.5323192097854952,False,True
6.62679700366597,1.0,x,z,z,0.14475628510936228,-0.2815147446337338,0.545827229013901,0.025478981091117965,-0.07731093640951861,0.1218212407482736,-0.0024285289165734483,-0.10345101945898658,0.1022885704039883,0.5102846759969775,0.4418021271927089,0.5828836585086421,0.09502791281113314,True,False
6.62679700366597,1.0,y,x,x,-0.000587079178301475,-0.437326041905033,0.44509677929167923,0.08030484293401036,-0.07798598742266095,0.2504906881882669,-0.11256755476604954,-0.2827067987544773,0.061534034683922455,0.8875289447929491,0.7788534705972352,1.002260514661465,0.951138580977885,True,False
6.62679700366597,1.0,y,x,y,-0.03371207233577673,-0.10453220204387464,0.03706500185485333,-0.007344265561733586,-0.04529846231587143,0.03029716180754491,-0.00555089326877917,-0.03843364752939802,0.027926380359081213,0.18604323220368568,0.16454737077734985,0.20697207164909598,2.494381430450409,True,False
6.62679700366597,1.0,y,x,z,-0.049827332657695664,-0.13522993023834812,0.030349509509534345,0.012760772969142815,-0.022057707568610377,0.04926201469015963,0.020484889010473094,-0.01790116344583953,0.05940888416297186,0.1853183006064831,0.15905754387575058,0.2109409618940858,-1.0136826782979025,True,False
6.62679700366597,1.0,y,y,x,-0.03371207233577673,-0.1028683869577111,0.03740609001932414,-0.007344265561733586,-0.04387759092013256,0.02999439530412026,-0.00555089326877917,-0.040350900028773194,0.029563416927708027,0.18604323220368568,0.16417116167383927,0.20753725353608957,2.494381430450409,False,False
6.62679700366597,1.0,y,y,y,-0.01160893325116609,-0.5383261504988265,0.5166726845669831,0.07607833004235576,-0.0690855406704368,0.23461153122324585,-0.07085053695141344,-0.22409531022265644,0.0773945460155318,0.7890011674157433,0.6869680322982,0.8986532666213183,0.7498327309527337,True,False
6.62679700366597,1.0,y,y,z,0.10643598551670219,0.017781994774040664,0.1951683714851417,-0.007020268413884534,-0.03966476106149949,0.02608141924973338,-0.005971391214912223,-0.04018803951197011,0.029733606049160838,0.1748140360156533,0.15414020382916696,0.1965533436928597,2.436754419388191,True,True
6.62679700366597,1.0,y,z,x,-0.049827332657695664,-0.1378070395642432,0.031458130966440886,0.012760772969142815,-0.021250704169400548,0.04769826921106972,0.020484889010473094,-0.018755303364426764,0.06120680317988969,0.1853183006064831,0.15882972913383592,0.21216109450861598,-1.0136826782979025,False,False
6.62679700366597,1.0,y,z,y,0.10643598551670219,0.015432071875386354,0.1973930209221767,-0.007020268413884534,-0.03920804257654699,0.02585834092393291,-0.005971391214912223,-0.03799112561594471,0.027913101697615073,0.1748140360156533,0.15402728524438042,0.1971534165181967,2.436754419388191,False,True
6.62679700366597,1.0,y,z,z,0.1421641457658315,-0.28681713163856765,0.5689770886003663,0.01709203335817848,-0.15228884899520956,0.1887962395038953,-0.035695063568037824,-0.2040769973644619,0.12668674453008572,0.8428565220379385,0.7343147244841727,0.9617170552242725,1.1242239111496473,True,False
6.62679700366597,1.0,z,x,x,-0.0007331482577980185,-0.04850552012133748,0.046533675992861206,-0.019774157224082718,-0.13688199613889096,0.08562015992989777,0.034691177427063,-0.10733578564264634,0.19131145367654742,0.6708479714885652,0.587597589007307,0.7599344486515339,-2.0888689040059543,True,False
6.62679700366597,1.0,z,x,y,-0.0001360358011734293,-0.010565712740297299,0.010117874048872546,-0.013115087306761333,-0.03744175174116321,0.011369311703928619,0.00131438408509911,-0.023009373182835545,0.02330162641311393,0.1232475195209331,0.1091798597142666,0.1387546140244822,-3.0417069363044638,True,False
6.62679700366597,1.0,z,x,z,0.001133554734314337,-0.007038096896070578,0.009241763547049755,0.0029013276751863135,-0.020535917118999727,0.027194672596646034,-0.0004167507323165338,-0.025221031553340854,0.02336202192395131,0.12349320228495392,0.10885112975343524,0.13782551454449452,0.14266552964656204,True,False
6.62679700366597,1.0,z,y,x,-0.0001360358011734293,-0.010432518387637415,0.009661631797069616,-0.013115087306761333,-0.03708191439372332,0.012199717893153113,0.00131438408509911,-0.02217455553900859,0.024070026001839464,0.1232475195209331,0.10912558413411226,0.13804641890048286,-3.0417069363044638,False,False
6.62679700366597,1.0,z,y,y,0.055320375212120645,0.0077291169887367455,0.1008371577891593,-0.005706379959982404,-0.1052195233028424,0.09617686761726275,0.05278227063505894,-0.06801316087546083,0.16920339980106106,0.5714434417398127,0.4989304553135337,0.6436564297734046,-1.678489728393323,True,True
6.62679700366597,1.0,z,y,z,-0.0039060968517150027,-0.01714827415119961,0.008905361359725417,0.0199357945365767,-0.0005938563753196288,0.04063976352933612,0.002579103600441019,-0.020932312009778697,0.025690991562850606,0.11760108110899774,0.10367106698882371,0.13123642215292827,-0.12865591079085553,True,False
6.62679700366597,1.0,z,z,x,0.001133554734314337,-0.0064145393674992736,0.009501640653894524,0.0029013276751863135,-0.01980504158183374,0.027215189007528243,-0.0004167507323165338,-0.0234257416299975,0.024456406699123554,0.12349320228495392,0.10878960467559594,0.138203595165857,0.14266552964656204,False,False
6.62679700366597,1.0,z,z,y,-0.0039060968517150027,-0.017024239069299296,0.009096854254299307,0.0199357945365767,-0.0015133177528651402,0.04141940863472559,0.002579103600441019,-0.019492940131970653,0.02544341082550588,0.11760108110899774,0.10430121525670881,0.1318151742612839,-0.12865591079085553,False,False
6.62679700366597,1.0,z,z,z,0.03703170374647319,-0.011050699582257574,0.08536972582509993,0.06145864277228995,-0.0434166846718519,0.17273169645495182,0.042776383250218646,-0.07186840294125339,0.15200442992383612,0.5780795484572203,0.5108781412201077,0.6523781840138166,-0.608049154157923,True,False
