omega,amplitude,output,forcing_direction,odd_l2,even_l2,odd_over_a_l2,two_even_over_a2_l2,odd_unexpected_harmonic_ratio,even_unexpected_harmonic_ratio
8.295768100885548,0.08,0,2,0.5768455851547204,0.8998981238996335,7.210569814434005,281.2181637186354,0.6886720567432872,0.601383081480306
8.295768100885548,0.08,1,2,0.6546714947422282,1.0210966367249268,8.183393684277855,319.09269897653957,0.670947987491686,0.6358137339915323
8.295768100885548,0.08,2,2,1.8932855783260134,3.1699169840450865,23.666069729075165,990.5990575140897,0.2301645566849243,0.973486971005107
8.295768100885548,0.04,0,2,0.5500835470613924,0.9180066343149426,13.752088676534816,1147.5082928936783,0.7229030976688222,0.6345160070436422
8.295768100885548,0.04,1,2,0.6158361907396297,1.0437697154711156,15.395904768490738,1304.7121443388937,0.7086435848538613,0.6697811401075555
8.295768100885548,0.04,2,2,1.9761123384972328,3.098258652332033,49.40280846243083,3872.823315415044,0.17412622058584676,0.9729671472572281
8.295768100885548,0.02,0,2,0.5372038943618148,0.8851148856765626,26.860194718090725,4425.5744283828135,0.7165029448389456,0.6165893391706717
8.295768100885548,0.02,1,2,0.6020554259336178,1.0082590496944355,30.102771296680892,5041.2952484721745,0.6999090232481043,0.6593564103996081
8.295768100885548,0.02,2,2,1.9547833568567574,3.007124776869884,97.73916784283787,15035.623884349416,0.16031619901751773,0.9554500730147703
8.295768100885548,0.01,0,2,0.5285238834249951,0.9151294926180683,52.85238834249951,18302.589852361365,0.6750890601097521,0.6249523932279685
8.295768100885548,0.01,1,2,0.5947086097337233,1.029783286341769,59.47086097337236,20595.665726835385,0.6789571652602632,0.6620634593943591
8.295768100885548,0.01,2,2,2.0937355450678647,3.000728381512602,209.37355450678646,60014.567630252044,0.1744504357971863,0.973294798833964
8.295768100885548,0.005,0,2,0.5815207995421915,0.962723745337604,116.30415990843834,77017.8996270083,0.6942396990206476,0.5741101835251953
8.295768100885548,0.005,1,2,0.6577436587574165,1.0741096533361847,131.54873175148325,85928.77226689478,0.6933267791136322,0.6151596634622728
8.295768100885548,0.005,2,2,1.7748392154518275,3.1078316676431563,354.9678430903656,248626.53341145255,0.18574793968249698,0.9671819751414875
16.453477930861386,0.08,0,2,0.6687104594304294,1.0231184197866274,8.358880742880364,319.724506183321,0.8617470111249583,0.3232876229778976
16.453477930861386,0.08,1,2,0.7066613436467691,1.0955514918979237,8.833266795584612,342.35984121810117,0.7704496714647484,0.47835781846738684
16.453477930861386,0.08,2,2,0.4817820162713868,0.6906769032358184,6.022275203392336,215.83653226119324,0.19385602071529046,0.9375412601398959
16.453477930861386,0.04,0,2,0.6108069797024692,0.9706310434395012,15.270174492561726,1213.2888042993761,0.8582144869766642,0.36536299448263426
16.453477930861386,0.04,1,2,0.6575999693828722,1.0478874264637512,16.4399992345718,1309.8592830796895,0.7703292093671628,0.5256711802213275
16.453477930861386,0.04,2,2,0.44468950708406524,0.7046281193672547,11.117237677101633,880.7851492090681,0.1664640787536007,0.9522186986422834
16.453477930861386,0.02,0,2,0.6228156066366164,1.0764022019057242,31.140780331830815,5382.011009528619,0.8747575748195762,0.3181210887827039
16.453477930861386,0.02,1,2,0.6649491650951469,1.1414051052674559,33.247458254757326,5707.025526337279,0.7751906840981841,0.46182669507301694
16.453477930861386,0.02,2,2,0.4290914656200258,0.8029731157412449,21.45457328100129,4014.865578706224,0.20309623458051895,0.9550700028468492
16.453477930861386,0.01,0,2,0.691378957710255,1.121543653749641,69.13789577102548,22430.873074992833,0.9142438992981956,0.3402373672556931
16.453477930861386,0.01,1,2,0.7198500441640554,1.1951553803131592,71.98500441640554,23903.10760626318,0.8295919106667913,0.48532295484705146
16.453477930861386,0.01,2,2,0.460446441989135,0.7871083078251229,46.044644198913495,15742.166156502459,0.20843783456879975,0.9570768005798296
16.453477930861386,0.005,0,2,0.7174854224468409,0.9645441748895603,143.4970844893681,77163.5339911648,0.8999152761796397,0.3570066311882042
16.453477930861386,0.005,1,2,0.7494160706665368,1.0402209267343836,149.8832141333074,83217.67413875068,0.812889717706615,0.49348058555814006
16.453477930861386,0.005,2,2,0.4213658318022318,0.7670143127299711,84.27316636044631,61361.14501839769,0.1943912758696928,0.961477232732195
24.638799415019168,0.08,0,2,0.7513645084988038,1.1443385112338946,9.392056356235038,357.605784760592,0.9673979268844995,0.1350453468799187
24.638799415019168,0.08,1,2,0.7580637158715158,1.1588067882094184,9.475796448393949,362.12712131544316,0.9354047293804467,0.2687256935340621
24.638799415019168,0.08,2,2,0.16937995290743843,0.3041833427668234,2.1172494113429794,95.05729461463233,0.4558501453102778,0.811776742520572
24.638799415019168,0.04,0,2,0.7242084865894178,1.254667106298902,18.10521216473545,1568.3338828736273,0.9293974124062467,0.1511833581253354
24.638799415019168,0.04,1,2,0.7343897388462444,1.2734110152703642,18.35974347115611,1591.7637690879544,0.8781147377827906,0.2791611835110706
24.638799415019168,0.04,2,2,0.15714538512304374,0.3040503454747019,3.928634628076091,380.0629318433774,0.45760419499222327,0.8650282880024085
24.638799415019168,0.02,0,2,0.7001415091454505,1.0830785422478073,35.007075457272514,5415.392711239039,0.9567571250470659,0.1289884582703476
24.638799415019168,0.02,1,2,0.7162291488728196,1.101057782129076,35.81145744364099,5505.288910645375,0.8814517256289903,0.2744123379849382
24.638799415019168,0.02,2,2,0.17070379898785856,0.2743094979358241,8.535189949392928,1371.5474896791202,0.49538332436511734,0.8274779148101328
24.638799415019168,0.01,0,2,0.745260433853972,1.3269427038528527,74.5260433853972,26538.85407705703,0.9534001167900705,0.15596673897032262
24.638799415019168,0.01,1,2,0.7614373829002823,1.345462622968169,76.14373829002824,26909.252459363368,0.8950467378225474,0.2855176059468262
24.638799415019168,0.01,2,2,0.17094869628881518,0.2877714365663972,17.09486962888153,5755.428731327944,0.47641938039816867,0.7922708623272188
24.638799415019168,0.005,0,2,0.6897397545718196,1.169428515533808,137.9479509143639,93554.28124270462,0.9673520803978312,0.18244921928660657
24.638799415019168,0.005,1,2,0.7027582211480423,1.182807521889216,140.55164422960848,94624.60175113723,0.8679872367726591,0.3149499276672774
24.638799415019168,0.005,2,2,0.18155009944333034,0.2723224065707168,36.310019888666055,21785.792525657354,0.5323477335450474,0.799802517355309
32.95911120851088,0.08,0,2,0.841891215098697,1.5040286808215633,10.523640188733713,470.0089627567385,0.975667032831733,0.09023900266614013
32.95911120851088,0.08,1,2,0.8434926684240169,1.5070096430684548,10.543658355300213,470.940513458892,0.9656855205835677,0.15784869360648707
32.95911120851088,0.08,2,2,0.1288489779644467,0.24074251567809443,1.6106122245555832,75.23203614940448,0.7812448247564439,0.4770238754725316
32.95911120851088,0.04,0,2,0.8267759654512342,1.3254218353799216,20.669399136280852,1656.7772942249019,0.9916273481345286,0.07288086267110606
32.95911120851088,0.04,1,2,0.8278881252015682,1.337313620440825,20.697203130039203,1671.642025551031,0.9882594921933374,0.144797127610993
32.95911120851088,0.04,2,2,0.11711183346966471,0.2204776442284134,2.9277958367416175,275.59705528551683,0.7778173174497036,0.4793647504873624
32.95911120851088,0.02,0,2,0.8614469739552051,1.469154880527928,43.07234869776026,7345.774402639642,0.9874967344071803,0.06808828587937989
32.95911120851088,0.02,1,2,0.8641812904114063,1.4801408127419986,43.2090645205703,7400.704063709992,0.9562237386875331,0.12990089440775202
32.95911120851088,0.02,2,2,0.1436875739069944,0.23676942140698587,7.18437869534972,1183.8471070349294,0.8068157829090205,0.4989379211790521
32.95911120851088,0.01,0,2,1.0332608726210297,1.421935409578356,103.32608726210296,28438.708191567108,0.9970701058498345,0.08782616465951637
32.95911120851088,0.01,1,2,1.0296977354477903,1.4409810281218314,102.96977354477902,28819.62056243662,0.9859860501494866,0.15592949831833597
32.95911120851088,0.01,2,2,0.15581727289559794,0.22015454464464257,15.581727289559797,4403.090892892853,0.8131737802595034,0.4989199431569164
32.95911120851088,0.005,0,2,0.9175664433677181,1.3548910796381852,183.5132886735437,108391.28637105475,0.9850248667825461,0.07717637762387473
32.95911120851088,0.005,1,2,0.9242471258671131,1.3641317033490714,184.84942517342256,109130.53626792568,0.9531608068323049,0.13917250966389644
32.95911120851088,0.005,2,2,0.11696043698064935,0.23266901262388012,23.392087396129863,18613.521009910415,0.759796876745495,0.4928612789195162
41.23033561679026,0.08,0,2,1.0193283166955358,1.7404297378298583,12.741603958694201,543.8842930718306,0.9885265722604992,0.0509145720773341
41.23033561679026,0.08,1,2,1.027583682662964,1.7429597154145706,12.84479603328705,544.6749110670536,0.9828980689001077,0.07421464054264697
41.23033561679026,0.08,2,2,0.13452089608098042,0.2644345741447679,1.6815112010122557,82.63580442023998,0.9188871882827263,0.2852740546398462
41.23033561679026,0.04,0,2,0.8759853741544986,1.3270485171055262,21.89963435386246,1658.8106463819067,0.9882838963258312,0.07919651564438132
41.23033561679026,0.04,1,2,0.8726943792067974,1.3313961325393007,21.817359480169934,1664.2451656741262,0.9756054196126415,0.11076613324591017
41.23033561679026,0.04,2,2,0.13052230600376283,0.2107229596372523,3.2630576500940704,263.40369954656535,0.8911229453522322,0.34316059121397413
41.23033561679026,0.02,0,2,0.9750126509127646,1.600411998952454,48.75063254563824,8002.05999476227,0.9933160357335079,0.07617149844460727
41.23033561679026,0.02,1,2,0.9731921253597413,1.6042585574349943,48.65960626798709,8021.292787174972,0.9901807394919667,0.10685346663568118
41.23033561679026,0.02,2,2,0.15415359136600995,0.2628732972911654,7.707679568300499,1314.3664864558277,0.9066469585575838,0.31048667767900195
41.23033561679026,0.01,0,2,0.9995051266214895,1.5953063752808079,99.95051266214895,31906.127505616172,0.9938397337281479,0.03748371418492795
41.23033561679026,0.01,1,2,0.9939202943387614,1.5972118873846597,99.39202943387613,31944.23774769319,0.9729635765563593,0.05007930989130584
41.23033561679026,0.01,2,2,0.11423279958140681,0.21926074506709672,11.423279958140688,4385.214901341935,0.8710603878784778,0.3065420932089168
41.23033561679026,0.005,0,2,0.7867421585949128,1.5806307314641832,157.3484317189826,126450.4585171347,0.9907581221998539,0.06399102880158034
41.23033561679026,0.005,1,2,0.7975118907708164,1.5825767304078617,159.50237815416327,126606.13843262893,0.9801300037669106,0.08910306060500608
41.23033561679026,0.005,2,2,0.1417601109378088,0.24296356084808818,28.352022187561754,19437.08486784705,0.9126603946715143,0.3285713132928964
49.53530760240312,0.08,0,2,1.1166199938524553,1.6967868232995182,13.957749923155696,530.2458822810995,0.9864204588442677,0.057389233201599665
49.53530760240312,0.08,1,2,1.1177610803473697,1.7075056488036988,13.972013504342122,533.5955152511558,0.987837623202236,0.06858279323401
49.53530760240312,0.08,2,2,0.16347981165384165,0.27239513636508106,2.0434976456730203,85.12348011408787,0.9398735466214563,0.2697358816700608
49.53530760240312,0.04,0,2,1.1679031611959032,1.6643103683398897,29.19757902989758,2080.387960424862,0.9965928811669083,0.05326257972811863
49.53530760240312,0.04,1,2,1.1644289049049754,1.6510567248517605,29.11072262262438,2063.8209060647005,0.9987932807379887,0.055982077587777
49.53530760240312,0.04,2,2,0.15825704893127743,0.2622677609481879,3.9564262232819374,327.8347011852347,0.9467671621173465,0.29025553629992507
49.53530760240312,0.02,0,2,1.0445825219041018,1.9305774257295831,52.22912609520506,9652.887128647913,0.9978516798225252,0.05041460979991878
49.53530760240312,0.02,1,2,1.0411056513679453,1.9436961190195903,52.05528256839725,9718.48059509795,0.9888269309735183,0.04064446215247252
49.53530760240312,0.02,2,2,0.14025788942505674,0.26393150803795806,7.012894471252835,1319.6575401897903,0.9302564766601974,0.2917172962505528
49.53530760240312,0.01,0,2,1.2586390842808983,1.6700961678959991,125.86390842808989,33401.92335791999,0.9991254063677226,0.055303643323732665
49.53530760240312,0.01,1,2,1.2605264070998194,1.6717296424910741,126.0526407099819,33434.59284982147,0.9987167158529878,0.06525755445128611
49.53530760240312,0.01,2,2,0.15497456351500058,0.24717254915879416,15.497456351500054,4943.450983175882,0.9386361425675058,0.2965379660896726
49.53530760240312,0.005,0,2,1.050692168076131,1.8238805824760376,210.13843361522618,145910.44659808298,0.9957612269803938,0.0598538057479451
49.53530760240312,0.005,1,2,1.0537053235812035,1.8253302666079902,210.74106471624066,146026.42132863923,0.980344894123335,0.049144081882162204
49.53530760240312,0.005,2,2,0.17735317737391612,0.2613056342042673,35.47063547478322,20904.450736341383,0.953011011906922,0.29417117877154214
57.8280077417129,0.08,0,2,1.0414890255240759,1.661925270933262,13.018612819050949,519.3516471666443,0.9916071282069041,0.06130264642902969
57.8280077417129,0.08,1,2,1.0375487240876622,1.6561999159649357,12.969359051095784,517.5624737390422,0.9980534335780574,0.0732478983275529
57.8280077417129,0.08,2,2,0.16133192220156556,0.2604725256669672,2.0166490275195685,81.39766427092725,0.9431485482489648,0.2593683900289671
57.8280077417129,0.04,0,2,1.130632046887309,1.8013972819430049,28.265801172182712,2251.746602428757,0.9988716017492373,0.03921190863753958
57.8280077417129,0.04,1,2,1.114752706298112,1.7803608300433118,27.868817657452798,2225.4510375541395,0.996067646281211,0.05115417536769366
57.8280077417129,0.04,2,2,0.16788012462605129,0.27344522780207897,4.197003115651279,341.80653475259885,0.9694915723235495,0.27179966051248905
57.8280077417129,0.02,0,2,1.2363964680134492,1.8490662892447065,61.81982340067247,9245.331446223532,0.9901526340067821,0.04120159267278102
57.8280077417129,0.02,1,2,1.243065209120122,1.8434285346038615,62.15326045600611,9217.142673019309,0.9935459968738346,0.04127820330011262
57.8280077417129,0.02,2,2,0.17819069474480656,0.30729139257633786,8.909534737240328,1536.4569628816894,0.9505163343604176,0.22689478326452983
57.8280077417129,0.01,0,2,1.2004504713099322,1.8682018003246428,120.04504713099321,37364.03600649284,0.997655486542737,0.06228968067893426
57.8280077417129,0.01,1,2,1.214102386689165,1.862291381871604,121.41023866891652,37245.82763743209,0.9987226097428448,0.06141086378010136
57.8280077417129,0.01,2,2,0.18356444113262488,0.33047290941582275,18.35644411326249,6609.458188316454,0.9567742456766679,0.20777177462993987
57.8280077417129,0.005,0,2,1.1490695082431999,1.938398068633536,229.81390164863993,155071.84549068293,0.9983640614116789,0.03748881101737473
57.8280077417129,0.005,1,2,1.1439649234192795,1.9236711804766053,228.7929846838558,153893.6944381285,0.9904816306808892,0.035559027004908844
57.8280077417129,0.005,2,2,0.18257240683918868,0.30706937454503475,36.51448136783774,24565.549963602774,0.9434598556944844,0.24030198804352065
66.1176399194469,0.08,0,2,1.3219364817216066,2.225838733741074,16.52420602152007,695.5746042940856,0.9971343030218264,0.024188028260485647
66.1176399194469,0.08,1,2,1.3269520082716162,2.207698836375672,16.58690010339521,689.9058863673976,0.9898068686238827,0.02665077101774876
66.1176399194469,0.08,2,2,0.18249966714368765,0.317333684064907,2.2812458392960964,99.16677627028346,0.9719143263323958,0.18652513649051217
66.1176399194469,0.04,0,2,1.1544862709901846,1.9569469843934804,28.8621567747546,2446.1837304918504,0.9920737532321299,0.07585759487496917
66.1176399194469,0.04,1,2,1.1565417879387427,1.9320789395673992,28.913544698468574,2415.098674459249,0.9824424769402391,0.06724637665680708
66.1176399194469,0.04,2,2,0.21070825428264572,0.2841289533644045,5.267706357066141,355.16119170550564,0.9540198734444764,0.23424801912751442
66.1176399194469,0.02,0,2,1.1263766926046983,2.038392770105793,56.31883463023491,10191.963850528966,0.9971451665680323,0.03225908868722086
66.1176399194469,0.02,1,2,1.148252138484349,2.0353038503128724,57.41260692421743,10176.519251564358,0.9955874772508388,0.034127080506242066
66.1176399194469,0.02,2,2,0.16314368345576935,0.3082096088471659,8.157184172788472,1541.048044235829,0.9537084895073915,0.16509372044956264
66.1176399194469,0.01,0,2,1.299013087003013,1.9940134703810108,129.90130870030129,39880.26940762017,0.9921395311493727,0.02788402580507393
66.1176399194469,0.01,1,2,1.313314743609234,1.994202160128874,131.33147436092335,39884.04320257748,0.9965864230645579,0.03230243162449688
66.1176399194469,0.01,2,2,0.22087226241084706,0.25495347618690134,22.08722624108469,5099.069523738021,0.9770223971453961,0.197263480554157
66.1176399194469,0.005,0,2,1.348792043599369,1.9436628130384583,269.7584087198739,155493.02504307663,0.9924508160922249,0.032805395583715966
66.1176399194469,0.005,1,2,1.3585076333334611,1.9372799715091813,271.70152666669236,154982.39772073447,0.9934513689435036,0.02799844867834192
66.1176399194469,0.005,2,2,0.1556306492764079,0.2560151034177886,31.12612985528159,20481.20827342309,0.9655504773239006,0.20291488683638723
