omega,forcing_frequency,amplitude,output,forcing_direction,order_class,n_components_tested,n_significant_components,min_p_value,min_p_value_adjusted,min_p_value_family_adjusted,best_response_group,best_harmonic,best_component,best_sample_mean,best_ci_low,best_ci_high,any_significant,significance_alpha
8.295768100885548,1.3203125,0.005,0,2,higher_even,6,0,0.2697809837408285,0.8727576716652298,1.0,even,4,cos,0.0012047897406183526,-0.0009576427119159683,0.0033672221931526736,False,0.05
8.295768100885548,1.3203125,0.01,0,2,higher_even,6,0,0.17886893997018327,0.35773787994036654,1.0,even,4,cos,0.0014313096340950566,-0.0006727537567914642,0.003535373024981577,False,0.05
8.295768100885548,1.3203125,0.02,0,2,higher_even,6,0,0.6828601374115622,1.0,1.0,even,4,cos,-0.0004405991265872413,-0.00258566567843193,0.0017044674252574472,False,0.05
8.295768100885548,1.3203125,0.04,0,2,higher_even,6,0,0.4406466369076607,1.0,1.0,even,4,cos,0.0008118643669453591,-0.0012788064687019494,0.002902535202592668,False,0.05
8.295768100885548,1.3203125,0.08,0,2,higher_even,6,0,0.5164629147425126,1.0,1.0,even,4,cos,0.0006535738610871776,-0.0013481051163174356,0.002655252838491791,False,0.05
16.453477930861386,2.6186523437499996,0.005,0,2,higher_even,6,0,0.7378580431110409,1.0,1.0,even,4,cos,-7.508256219870843e-05,-0.0005214028391469755,0.00037123771474955854,False,0.05
16.453477930861386,2.6186523437499996,0.01,0,2,higher_even,6,0,0.8278835409172041,1.0,1.0,even,4,cos,-4.845593088884983e-05,-0.0004919808405872698,0.0003950689788095701,False,0.05
16.453477930861386,2.6186523437499996,0.02,0,2,higher_even,6,0,0.24540840145883488,1.0,1.0,even,4,cos,-0.00026300268512832015,-0.0007112466663777382,0.00018524129612109785,False,0.05
16.453477930861386,2.6186523437499996,0.04,0,2,higher_even,6,0,0.8909247911312888,1.0,1.0,even,4,cos,3.0207308597813733e-05,-0.00040820233164428753,0.000468616948839915,False,0.05
16.453477930861386,2.6186523437499996,0.08,0,2,higher_even,6,0,0.17063053336918235,1.0,1.0,even,4,cos,-0.00030572832947137955,-0.0007465257415485706,0.0001350690826058116,False,0.05
24.638799415019168,3.92138671875,0.005,0,2,higher_even,6,0,0.6480796173909491,1.0,1.0,even,4,cos,9.571384583004419e-05,-0.0003213318978986229,0.0005127595895587113,False,0.05
24.638799415019168,3.92138671875,0.01,0,2,higher_even,6,0,0.07105996162838456,0.24206421922494886,1.0,even,4,cos,0.0003821599769132382,-3.376453695425231e-05,0.0007980844907807287,False,0.05
24.638799415019168,3.92138671875,0.02,0,2,higher_even,6,0,0.5615181029014853,1.0,1.0,even,4,cos,0.00013560672240825944,-0.0003286671518294889,0.0005998805966460078,False,0.05
24.638799415019168,3.92138671875,0.04,0,2,higher_even,6,0,0.27873556998913374,1.0,1.0,even,4,cos,0.00022381820853195183,-0.00018554499684366019,0.0006331814139075638,False,0.05
24.638799415019168,3.92138671875,0.08,0,2,higher_even,6,0,0.2830267171282981,1.0,1.0,even,4,cos,0.00022872812212460354,-0.00019339887654270583,0.0006508551207919129,False,0.05
32.95911120851088,5.245605468749999,0.005,0,2,higher_even,6,0,0.4015560437971212,1.0,1.0,even,4,cos,0.00018758806492603057,-0.00025627353896594626,0.0006314496688180073,False,0.05
32.95911120851088,5.245605468749999,0.01,0,2,higher_even,6,0,0.5545886777500739,1.0,1.0,even,4,cos,0.00013737038799585132,-0.00032471334783133174,0.0005994541238230344,False,0.05
32.95911120851088,5.245605468749999,0.02,0,2,higher_even,6,0,0.1764347507174292,1.0,1.0,even,4,cos,0.0003295715140658203,-0.00015215546938095962,0.0008112984975126002,False,0.05
32.95911120851088,5.245605468749999,0.04,0,2,higher_even,6,0,0.36132851346989725,1.0,1.0,even,4,cos,0.00021228922109239006,-0.00024906441344657246,0.0006736428556313526,False,0.05
32.95911120851088,5.245605468749999,0.08,0,2,higher_even,6,0,0.07082443745038482,0.42494662470230893,1.0,even,4,cos,0.0003692679879930909,-3.2281362079037595e-05,0.0007708173380652193,False,0.05
41.23033561679026,6.56201171875,0.005,0,2,higher_even,6,0,0.5011711758506383,1.0,1.0,even,4,cos,0.00015811297141110612,-0.00030891226714897,0.0006251382099711822,False,0.05
41.23033561679026,6.56201171875,0.01,0,2,higher_even,6,0,0.9637120033829518,1.0,1.0,even,4,cos,9.170452513928643e-06,-0.00039202926936301124,0.0004103701743908685,False,0.05
41.23033561679026,6.56201171875,0.02,0,2,higher_even,6,0,0.8218553208203166,1.0,1.0,even,4,cos,4.810511616150154e-05,-0.0003770618661697419,0.00047327209849274494,False,0.05
41.23033561679026,6.56201171875,0.04,0,2,higher_even,6,0,0.9139392851580846,1.0,1.0,even,4,cos,-2.4614478958737612e-05,-0.00047793664585019124,0.00042870768793271596,False,0.05
41.23033561679026,6.56201171875,0.08,0,2,higher_even,6,0,0.9803355033733707,1.0,1.0,even,4,cos,4.915125979206643e-06,-0.00039199578265315026,0.00040182603461156355,False,0.05
49.53530760240312,7.8837890625,0.005,0,2,higher_even,6,0,0.31231159991007196,1.0,1.0,even,4,cos,0.00021560647790540505,-0.00020740128254907378,0.0006386142383598839,False,0.05
49.53530760240312,7.8837890625,0.01,0,2,higher_even,6,0,0.5064378189450227,1.0,1.0,even,4,cos,0.00013766661557635253,-0.00027403495910944707,0.0005493681902621521,False,0.05
49.53530760240312,7.8837890625,0.02,0,2,higher_even,6,0,0.340189209576768,1.0,1.0,even,4,cos,0.00021574098936985077,-0.0002328446102763961,0.0006643265890160976,False,0.05
49.53530760240312,7.8837890625,0.04,0,2,higher_even,6,0,0.6654539832924602,1.0,1.0,even,4,cos,9.013081982795655e-05,-0.00032445448115889225,0.0005047161208148053,False,0.05
49.53530760240312,7.8837890625,0.08,0,2,higher_even,6,0,0.13502987283786666,0.8101792370272,1.0,even,4,cos,0.00030315455811558297,-9.69845932514975e-05,0.0007032937094826634,False,0.05
57.8280077417129,9.20361328125,0.005,0,2,higher_even,6,0,0.1351117113917271,0.8106702683503626,1.0,even,4,cos,0.00029798429158971385,-9.541447867909988e-05,0.0006913830618585276,False,0.05
57.8280077417129,9.20361328125,0.01,0,2,higher_even,6,0,0.23255409118816975,1.0,1.0,even,4,cos,0.00027602861279716224,-0.0001815752422707169,0.0007336324678650413,False,0.05
57.8280077417129,9.20361328125,0.02,0,2,higher_even,6,0,0.09105235553922486,0.5463141332353492,1.0,even,4,cos,0.00031824183047001364,-5.233370545956029e-05,0.0006888173663995875,False,0.05
57.8280077417129,9.20361328125,0.04,0,2,higher_even,6,0,0.2663480126844751,1.0,1.0,even,4,cos,0.00022919061094058937,-0.00017920592026146536,0.0006375871421426441,False,0.05
57.8280077417129,9.20361328125,0.08,0,2,higher_even,6,0,0.6180839916589063,1.0,1.0,even,4,cos,9.04801832500403e-05,-0.00027038433671123786,0.00045134470321131845,False,0.05
66.1176399194469,10.52294921875,0.005,0,2,higher_even,6,0,0.7961999501496063,1.0,1.0,even,4,cos,-5.4839535423986216e-05,-0.0004773654373197344,0.00036768636647176194,False,0.05
66.1176399194469,10.52294921875,0.01,0,2,higher_even,6,0,0.8079946896400468,1.0,1.0,even,4,cos,5.196115296239465e-05,-0.0003735309707026498,0.0004774532766274391,False,0.05
66.1176399194469,10.52294921875,0.02,0,2,higher_even,6,0,0.3197508128528122,1.0,1.0,even,4,cos,0.0002026433565575623,-0.00020114043034128462,0.0006064271434564092,False,0.05
66.1176399194469,10.52294921875,0.04,0,2,higher_even,6,0,0.8966161537225754,1.0,1.0,even,4,cos,2.879787482713663e-05,-0.0004123091768948321,0.00046990492654910534,False,0.05
66.1176399194469,10.52294921875,0.08,0,2,higher_even,6,0,0.5578227454936175,1.0,1.0,even,4,cos,0.00012684103449020874,-0.0003033427047438995,0.000557024773724317,False,0.05
8.295768100885548,1.3203125,0.005,0,2,higher_odd,6,0,0.08632845239561594,0.5179707143736957,1.0,odd,3,cos,0.004246521610156888,-0.0006239312570579993,0.009116974477371776,False,0.05
8.295768100885548,1.3203125,0.01,0,2,higher_odd,6,0,0.006944456980223467,0.041666741881340806,1.0,odd,3,cos,-0.006313076541889869,-0.010833098330604272,-0.0017930547531754652,False,0.05
8.295768100885548,1.3203125,0.02,0,2,higher_odd,6,0,0.6197166023144118,1.0,1.0,odd,3,cos,0.001377112581877235,-0.004140941628862279,0.0068951667926167495,False,0.05
8.295768100885548,1.3203125,0.04,0,2,higher_odd,6,0,0.18119069746134092,1.0,1.0,odd,3,cos,-0.00321220995317666,-0.007959852667675762,0.001535432761322441,False,0.05
8.295768100885548,1.3203125,0.08,0,2,higher_odd,6,0,0.18285037801345466,1.0,1.0,odd,3,cos,-0.003521873029969254,-0.00874728589732947,0.0017035398373909621,False,0.05
16.453477930861386,2.6186523437499996,0.005,0,2,higher_odd,6,0,0.7763294310985116,1.0,1.0,odd,3,cos,-4.841512005985322e-05,-0.0003874991293814422,0.00029066888926173576,False,0.05
16.453477930861386,2.6186523437499996,0.01,0,2,higher_odd,6,0,0.7266864355171783,1.0,1.0,odd,3,cos,5.9818181587377265e-05,-0.00028064851744707004,0.00040028488062182453,False,0.05
16.453477930861386,2.6186523437499996,0.02,0,2,higher_odd,6,0,0.5010332196168849,1.0,1.0,odd,3,cos,0.00011934218343712872,-0.00023305007704990983,0.0004717344439241673,False,0.05
16.453477930861386,2.6186523437499996,0.04,0,2,higher_odd,6,0,0.9292261097347999,1.0,1.0,odd,3,cos,1.7365078336430862e-05,-0.000371774612806505,0.0004065047694793667,False,0.05
16.453477930861386,2.6186523437499996,0.08,0,2,higher_odd,6,0,0.0036132885023224684,0.021679731013934812,0.8671892405573924,odd,3,cos,-0.00048024179653835677,-0.0007976689952869549,-0.00016281459778975856,False,0.05
24.638799415019168,3.92138671875,0.005,0,2,higher_odd,6,0,0.3717556740598006,1.0,1.0,odd,3,cos,0.0001125883352511136,-0.0001375098132200209,0.0003626864837222481,False,0.05
24.638799415019168,3.92138671875,0.01,0,2,higher_odd,6,0,0.24150198821126578,1.0,1.0,odd,3,cos,0.00014741879163395608,-0.00010173567934500464,0.00039657326261291676,False,0.05
24.638799415019168,3.92138671875,0.02,0,2,higher_odd,6,0,0.9098854445337163,1.0,1.0,odd,3,cos,1.6121557380237936e-05,-0.00026737618918516536,0.00029961930394564127,False,0.05
24.638799415019168,3.92138671875,0.04,0,2,higher_odd,6,0,0.4252261171476396,1.0,1.0,odd,3,cos,-0.00010773347443394425,-0.00037597348236987575,0.00016050653350198723,False,0.05
24.638799415019168,3.92138671875,0.08,0,2,higher_odd,6,0,0.6711105141962874,1.0,1.0,odd,3,cos,-6.392930713882532e-05,-0.0003633821068158981,0.00023552349253824745,False,0.05
32.95911120851088,5.245605468749999,0.005,0,2,higher_odd,6,0,0.231638017797876,1.0,1.0,odd,3,cos,-0.0001618253303387237,-0.00042956961407392775,0.00010591895339648035,False,0.05
32.95911120851088,5.245605468749999,0.01,0,2,higher_odd,6,0,0.26935144110972403,1.0,1.0,odd,3,cos,-0.00014774751261786522,-0.00041269397468370376,0.00011719894944797334,False,0.05
32.95911120851088,5.245605468749999,0.02,0,2,higher_odd,6,0,0.14466499118519624,0.8679899471111774,1.0,odd,3,cos,0.0001832221366552553,-6.467723592565406e-05,0.00043112150923616465,False,0.05
32.95911120851088,5.245605468749999,0.04,0,2,higher_odd,6,0,0.2190359485068984,0.9224983940054501,1.0,odd,3,cos,-0.00014943395036836913,-0.0003899720110278853,9.110411029114704e-05,False,0.05
32.95911120851088,5.245605468749999,0.08,0,2,higher_odd,6,0,0.9805508488010162,1.0,1.0,odd,3,cos,3.1704014492676694e-06,-0.00025568414754135977,0.00026202495043989516,False,0.05
41.23033561679026,6.56201171875,0.005,0,2,higher_odd,6,0,0.6808369945046602,1.0,1.0,odd,3,cos,5.0623294141945094e-05,-0.0001941826020296156,0.0002954291903135058,False,0.05
41.23033561679026,6.56201171875,0.01,0,2,higher_odd,6,0,0.2294664816933147,1.0,1.0,odd,3,cos,-0.00016752746701994897,-0.00044340326440303265,0.00010834833036313472,False,0.05
41.23033561679026,6.56201171875,0.02,0,2,higher_odd,6,0,0.3286244666351854,0.3286244666351854,1.0,odd,3,cos,-0.00012306419869503245,-0.0003728543867220159,0.00012672598933195103,False,0.05
41.23033561679026,6.56201171875,0.04,0,2,higher_odd,6,0,0.8601885815543147,1.0,1.0,odd,3,cos,2.290884436954123e-05,-0.0002359434774113641,0.00028176116615044654,False,0.05
41.23033561679026,6.56201171875,0.08,0,2,higher_odd,6,0,0.7457643750505829,1.0,1.0,odd,3,cos,-3.991902285209076e-05,-0.00028487684444515105,0.00020503879874096955,False,0.05
49.53530760240312,7.8837890625,0.005,0,2,higher_odd,6,0,0.39004390682364753,1.0,1.0,odd,3,cos,-0.00010926475459560681,-0.00036154217794538376,0.00014301266875417016,False,0.05
49.53530760240312,7.8837890625,0.01,0,2,higher_odd,6,0,0.11547109646653224,0.5556874984671261,1.0,odd,3,cos,0.00020444948131773558,-5.152431902439856e-05,0.00046042328165986975,False,0.05
49.53530760240312,7.8837890625,0.02,0,2,higher_odd,6,0,0.2572141437994885,0.8466483115834216,1.0,odd,3,cos,-0.00014349295137362387,-0.0003942862919693627,0.00010730038922211494,False,0.05
49.53530760240312,7.8837890625,0.04,0,2,higher_odd,6,0,0.6553117322016525,1.0,1.0,odd,3,cos,-5.234940112200662e-05,-0.0002855837488549832,0.00018088494661096997,False,0.05
49.53530760240312,7.8837890625,0.08,0,2,higher_odd,6,0,0.3852376196143028,1.0,1.0,odd,3,cos,0.00013198697730184924,-0.0001696642534500041,0.0004336382080537026,False,0.05
57.8280077417129,9.20361328125,0.005,0,2,higher_odd,6,0,0.18549845330641662,0.8843333112986858,1.0,odd,3,cos,-0.0001745464693241074,-0.00043511174054830477,8.601880190008999e-05,False,0.05
57.8280077417129,9.20361328125,0.01,0,2,higher_odd,6,0,0.9558263472259095,1.0,1.0,odd,3,cos,-7.075073626386267e-06,-0.0002613049161325423,0.0002471547688797697,False,0.05
57.8280077417129,9.20361328125,0.02,0,2,higher_odd,6,0,0.6915163869200487,1.0,1.0,odd,3,cos,5.3831251251244e-05,-0.0002160283806701048,0.0003236908831725928,False,0.05
57.8280077417129,9.20361328125,0.04,0,2,higher_odd,6,0,0.18453786967525435,0.5511675513139892,1.0,odd,3,cos,0.000165196063471868,-8.086462827569014e-05,0.00041125675521942615,False,0.05
57.8280077417129,9.20361328125,0.08,0,2,higher_odd,6,0,0.5190551118877625,1.0,1.0,odd,3,cos,-8.323601975458154e-05,-0.0003397488084306583,0.00017327676892149525,False,0.05
66.1176399194469,10.52294921875,0.005,0,2,higher_odd,6,0,0.697426500464364,1.0,1.0,odd,3,cos,5.063169150310494e-05,-0.00020841836632127402,0.00030968174932748387,False,0.05
66.1176399194469,10.52294921875,0.01,0,2,higher_odd,6,0,0.41078588861747056,1.0,1.0,odd,3,cos,0.0001045398041281135,-0.00014775670051244262,0.0003568363087686696,False,0.05
66.1176399194469,10.52294921875,0.02,0,2,higher_odd,6,0,0.11677734396914602,0.5526839935832091,1.0,odd,3,cos,0.00018330978818330632,-4.703639170291552e-05,0.00041365596806952815,False,0.05
66.1176399194469,10.52294921875,0.04,0,2,higher_odd,6,0,0.18465710294821705,0.8674607055026156,1.0,odd,3,cos,-0.0001545134999739161,-0.00038472583472914414,7.569883478131194e-05,False,0.05
66.1176399194469,10.52294921875,0.08,0,2,higher_odd,6,0,0.8907912477498305,1.0,1.0,odd,3,cos,-1.923637557035262e-05,-0.00029807728502004755,0.00025960453387934235,False,0.05
8.295768100885548,1.3203125,0.005,0,2,second_order,3,0,0.7928527094700043,1.0,1.0,even,0,dc,-0.03189837611122682,-0.2736041938645829,0.20980744164212928,False,0.05
8.295768100885548,1.3203125,0.01,0,2,second_order,3,0,0.74967967726175,1.0,1.0,even,0,dc,-0.03714875871510392,-0.2688023822595174,0.1945048648293096,False,0.05
8.295768100885548,1.3203125,0.02,0,2,second_order,3,0,0.4096072232079867,1.0,1.0,even,0,dc,0.08897920959671116,-0.12522038823906184,0.30317880743248415,False,0.05
8.295768100885548,1.3203125,0.04,0,2,second_order,3,0,0.4245009091002818,1.0,1.0,even,0,dc,0.09281070883590165,-0.13791043512958737,0.32353185280139063,False,0.05
8.295768100885548,1.3203125,0.08,0,2,second_order,3,0,0.42105391746257304,1.0,1.0,even,0,dc,0.09321512305945137,-0.1367869013378392,0.3232171474567419,False,0.05
16.453477930861386,2.6186523437499996,0.005,0,2,second_order,3,0,0.4413627472525473,0.7592212313963684,1.0,even,0,dc,0.10823698227936585,-0.17092855596349182,0.3874025205222235,False,0.05
16.453477930861386,2.6186523437499996,0.01,0,2,second_order,3,0,0.875106928435674,1.0,1.0,even,0,dc,-0.02562562495625178,-0.35011039111558606,0.29885914120308255,False,0.05
16.453477930861386,2.6186523437499996,0.02,0,2,second_order,3,0,0.937368749730085,1.0,1.0,even,0,dc,0.01223198858841133,-0.2976060837964694,0.3220700609732921,False,0.05
16.453477930861386,2.6186523437499996,0.04,0,2,second_order,3,0,0.7884119341715652,0.8683316968643457,1.0,even,0,dc,0.03945999723584134,-0.2531161043168344,0.33203609878851703,False,0.05
16.453477930861386,2.6186523437499996,0.08,0,2,second_order,3,0,0.6338042950833824,1.0,1.0,even,0,dc,0.06984243425201435,-0.22171156622688037,0.3613964347309091,False,0.05
24.638799415019168,3.92138671875,0.005,0,2,second_order,3,0,0.7959816591156528,1.0,1.0,even,0,dc,-0.049025152386238884,-0.42633909650133867,0.3282887917288609,False,0.05
24.638799415019168,3.92138671875,0.01,0,2,second_order,3,0,0.9700611457409082,0.9700611457409082,1.0,even,0,dc,0.0077770050934869925,-0.4046613596252225,0.4202153698121965,False,0.05
24.638799415019168,3.92138671875,0.02,0,2,second_order,3,0,0.6146471881408608,1.0,1.0,even,0,dc,-0.08301070999334512,-0.4108667602024485,0.24484534021575824,False,0.05
24.638799415019168,3.92138671875,0.04,0,2,second_order,3,0,0.8602865235282384,1.0,1.0,even,0,dc,0.034450614331881374,-0.35509062078946474,0.42399184945322754,False,0.05
24.638799415019168,3.92138671875,0.08,0,2,second_order,3,0,0.9663988511158582,0.9663988511158582,1.0,even,0,dc,-0.007289319099037211,-0.35170869022847917,0.3371300520304048,False,0.05
32.95911120851088,5.245605468749999,0.005,0,2,second_order,3,0,0.41142482299339667,0.8929278352839669,1.0,even,0,dc,-0.17354702598753668,-0.5929611763242577,0.24586712434918429,False,0.05
32.95911120851088,5.245605468749999,0.01,0,2,second_order,3,0,0.539297247376968,1.0,1.0,even,0,dc,-0.14582076696385113,-0.617917290345815,0.3262757564181127,False,0.05
32.95911120851088,5.245605468749999,0.02,0,2,second_order,3,0,0.16255914505346347,0.3650153036453321,1.0,even,0,dc,0.31326546416569384,-0.12975185542357798,0.7562827837549657,False,0.05
32.95911120851088,5.245605468749999,0.04,0,2,second_order,3,0,0.8732227100088972,0.992022810818415,1.0,even,0,dc,0.03246124050580167,-0.3724183509922727,0.4373408320038761,False,0.05
32.95911120851088,5.245605468749999,0.08,0,2,second_order,3,0,0.4752885397077128,0.4752885397077128,1.0,even,0,dc,0.16736398336037514,-0.2983138702340187,0.633041836954769,False,0.05
41.23033561679026,6.56201171875,0.005,0,2,second_order,3,0,0.5661414106759619,1.0,1.0,even,0,dc,-0.141278913431189,-0.6307583592332832,0.3482005323709051,False,0.05
41.23033561679026,6.56201171875,0.01,0,2,second_order,3,0,0.8036208642945404,1.0,1.0,even,0,dc,0.0634275637799777,-0.4441523098337268,0.5710074373936822,False,0.05
41.23033561679026,6.56201171875,0.02,0,2,second_order,3,0,0.6178848783407517,1.0,1.0,even,0,dc,-0.12514776365334915,-0.6239945987672162,0.37369907146051784,False,0.05
41.23033561679026,6.56201171875,0.04,0,2,second_order,3,0,0.900601822322866,1.0,1.0,even,0,dc,-0.02655626810334202,-0.4497310583329399,0.3966185221262559,False,0.05
41.23033561679026,6.56201171875,0.08,0,2,second_order,3,0,0.3243885244642183,0.9731655733926549,1.0,even,0,dc,0.26808994492337007,-0.2712866389365561,0.8074665287832963,False,0.05
49.53530760240312,7.8837890625,0.005,0,2,second_order,3,0,0.42668070261519686,0.7826473031312156,1.0,even,0,dc,0.22313394928082197,-0.33419393922236984,0.7804618377840138,False,0.05
49.53530760240312,7.8837890625,0.01,0,2,second_order,3,0,0.6992284114499483,1.0,1.0,even,0,dc,0.10278992298578213,-0.4264383420649368,0.6320181880365011,False,0.05
49.53530760240312,7.8837890625,0.02,0,2,second_order,3,0,0.36565939996885555,0.9558939287649609,1.0,even,0,dc,-0.27751934049868887,-0.8861381436421959,0.33109946264481815,False,0.05
49.53530760240312,7.8837890625,0.04,0,2,second_order,3,0,0.4096689158193405,1.0,1.0,even,0,dc,-0.21577162399188876,-0.7352673304825126,0.30372408249873506,False,0.05
49.53530760240312,7.8837890625,0.08,0,2,second_order,3,0,0.6886996937354655,0.6886996937354655,1.0,even,0,dc,-0.10649486330918859,-0.6352607078088308,0.4222709811904537,False,0.05
57.8280077417129,9.20361328125,0.005,0,2,second_order,3,0,0.5502248859257635,0.5502248859257635,1.0,even,0,dc,-0.17473591512800857,-0.7560713893492331,0.406599559093216,False,0.05
57.8280077417129,9.20361328125,0.01,0,2,second_order,3,0,0.7742682378871674,0.7742682378871674,1.0,even,0,dc,-0.08225552118726172,-0.6529384389159456,0.48842739654142214,False,0.05
57.8280077417129,9.20361328125,0.02,0,2,second_order,3,0,0.7547740031743674,0.7547740031743674,1.0,even,0,dc,0.08891144051708486,-0.4774478791228316,0.6552707601570014,False,0.05
57.8280077417129,9.20361328125,0.04,0,2,second_order,3,0,0.6925158206178627,0.6925158206178627,1.0,even,0,dc,0.11140675745524417,-0.4489985611580517,0.6718120760685401,False,0.05
57.8280077417129,9.20361328125,0.08,0,2,second_order,3,0,0.5975099037071236,1.0,1.0,even,0,dc,-0.14107861673701846,-0.6723325862347421,0.39017535276070514,False,0.05
66.1176399194469,10.52294921875,0.005,0,2,second_order,3,0,0.5213288202356924,1.0,1.0,even,0,dc,0.19030206485900908,-0.3993769397197657,0.7799810694377838,False,0.05
66.1176399194469,10.52294921875,0.01,0,2,second_order,3,0,0.49082113071338174,1.0,1.0,even,0,dc,0.21321276925662752,-0.4015590544962648,0.8279845930095198,False,0.05
66.1176399194469,10.52294921875,0.02,0,2,second_order,3,0,0.26445608339414983,0.7373720530158014,1.0,even,0,dc,0.3568772081919215,-0.2765078032462913,0.9902622196301343,False,0.05
66.1176399194469,10.52294921875,0.04,0,2,second_order,3,0,0.486575332226465,1.0,1.0,even,0,dc,0.21074854388326622,-0.3909890803563665,0.812486168122899,False,0.05
66.1176399194469,10.52294921875,0.08,0,2,second_order,3,0,0.5600056431663232,1.0,1.0,even,0,dc,0.196389089927685,-0.4733871583619945,0.8661653382173645,False,0.05
8.295768100885548,1.3203125,0.005,1,2,higher_even,6,0,0.6210275294916676,1.0,1.0,even,4,cos,0.0018802529784531985,-0.005682232990060841,0.009442738946967238,False,0.05
8.295768100885548,1.3203125,0.01,1,2,higher_even,6,0,0.7150313680992826,1.0,1.0,even,4,cos,0.0014450499213529582,-0.006428621889653478,0.009318721732359394,False,0.05
8.295768100885548,1.3203125,0.02,1,2,higher_even,6,0,0.4886224268864423,1.0,1.0,even,4,cos,-0.0025817828059980616,-0.009988276886139923,0.0048247112741437986,False,0.05
8.295768100885548,1.3203125,0.04,1,2,higher_even,6,0,0.5973245196268037,1.0,1.0,even,4,cos,0.0020497314365391095,-0.005664946635730452,0.00976440950880867,False,0.05
8.295768100885548,1.3203125,0.08,1,2,higher_even,6,0,0.49279935046005086,1.0,1.0,even,4,cos,-0.0024236637199389756,-0.009444105431104204,0.004596777991226254,False,0.05
16.453477930861386,2.6186523437499996,0.005,1,2,higher_even,6,0,0.9890973076528753,1.0,1.0,even,4,cos,-4.158817555054991e-06,-0.0006099298669435625,0.0006016122318334525,False,0.05
16.453477930861386,2.6186523437499996,0.01,1,2,higher_even,6,0,0.9842571924039251,1.0,1.0,even,4,cos,-5.789669855349461e-06,-0.0005898113880283626,0.0005782320483176637,False,0.05
16.453477930861386,2.6186523437499996,0.02,1,2,higher_even,6,0,0.5217239035542959,1.0,1.0,even,4,cos,-0.0001661129057738555,-0.0006813283762903638,0.0003491025647426528,False,0.05
16.453477930861386,2.6186523437499996,0.04,1,2,higher_even,6,0,0.9500048761057805,1.0,1.0,even,4,cos,-1.932519488185204e-05,-0.0006327921412755073,0.0005941417515118033,False,0.05
16.453477930861386,2.6186523437499996,0.08,1,2,higher_even,6,0,0.3572491040169353,1.0,1.0,even,4,cos,-0.00027628604478135445,-0.0008716094803238998,0.00031903739076119086,False,0.05
24.638799415019168,3.92138671875,0.005,1,2,higher_even,6,0,0.729661781227171,1.0,1.0,even,4,cos,9.113150550399728e-05,-0.00043351236971765384,0.0006157753807256484,False,0.05
24.638799415019168,3.92138671875,0.01,1,2,higher_even,6,0,0.01147405700351172,0.06884434202107031,1.0,even,4,cos,0.0006137142820236256,0.00014277030544350183,0.0010846582586037494,False,0.05
24.638799415019168,3.92138671875,0.02,1,2,higher_even,6,0,0.49603727414987386,1.0,1.0,even,4,cos,0.00018275148679944498,-0.0003506112645588418,0.0007161142381577317,False,0.05
24.638799415019168,3.92138671875,0.04,1,2,higher_even,6,0,0.12941866255265005,0.6437054609227242,1.0,even,4,cos,0.00038952913428709664,-0.0001170782990410821,0.0008961365676152754,False,0.05
24.638799415019168,3.92138671875,0.08,1,2,higher_even,6,0,0.5077321386373301,1.0,1.0,even,4,cos,0.000163180446099167,-0.00032631656233331934,0.0006526774545316534,False,0.05
32.95911120851088,5.245605468749999,0.005,1,2,higher_even,6,0,0.47449518654134926,1.0,1.0,even,4,cos,0.00018306792278131715,-0.00032538710385556814,0.0006915229494182024,False,0.05
32.95911120851088,5.245605468749999,0.01,1,2,higher_even,6,0,0.8503263649757367,1.0,1.0,even,4,cos,-5.207416813086233e-05,-0.0006012737353433452,0.0004971253990816205,False,0.05
32.95911120851088,5.245605468749999,0.02,1,2,higher_even,6,0,0.3029034420580941,1.0,1.0,even,4,cos,0.00029969805120639393,-0.0002768736224372749,0.0008762697248500628,False,0.05
32.95911120851088,5.245605468749999,0.04,1,2,higher_even,6,0,0.6409107933539306,1.0,1.0,even,4,cos,0.00011938448449671036,-0.00038963457332952787,0.0006284035423229486,False,0.05
32.95911120851088,5.245605468749999,0.08,1,2,higher_even,6,0,0.11688033072112461,0.7012819843267477,1.0,even,4,cos,0.0004016310409201305,-0.00010320145015085434,0.0009064635319911154,False,0.05
41.23033561679026,6.56201171875,0.005,1,2,higher_even,6,0,0.8984258607262716,1.0,1.0,even,4,cos,3.452523155915232e-05,-0.0005037857810280663,0.0005728362441463708,False,0.05
41.23033561679026,6.56201171875,0.01,1,2,higher_even,6,0,0.7235856092019346,1.0,1.0,even,4,cos,8.215188128190995e-05,-0.00037996034635995443,0.0005442641089237743,False,0.05
41.23033561679026,6.56201171875,0.02,1,2,higher_even,6,0,0.6802067018281517,1.0,1.0,even,4,cos,9.32134613931223e-05,-0.0003566098545068546,0.0005430367772930992,False,0.05
41.23033561679026,6.56201171875,0.04,1,2,higher_even,6,0,0.5897710216179598,1.0,1.0,even,4,cos,0.00013395716423976603,-0.00035999353999388383,0.0006279078684734158,False,0.05
41.23033561679026,6.56201171875,0.08,1,2,higher_even,6,0,0.6945689161426438,1.0,1.0,even,4,cos,9.282986806818744e-05,-0.00037744001921650034,0.0005630997553528753,False,0.05
49.53530760240312,7.8837890625,0.005,1,2,higher_even,6,0,0.5891282802906033,1.0,1.0,even,4,cos,0.00013281183423672317,-0.00035606872885091123,0.0006216923973243575,False,0.05
49.53530760240312,7.8837890625,0.01,1,2,higher_even,6,0,0.6489911695493904,1.0,1.0,even,4,cos,0.00010958726210112522,-0.000369239846136531,0.0005884143703387814,False,0.05
49.53530760240312,7.8837890625,0.02,1,2,higher_even,6,0,0.35023983157723115,1.0,1.0,even,4,cos,0.00022546051412528588,-0.00025327597583041475,0.0007041970040809866,False,0.05
49.53530760240312,7.8837890625,0.04,1,2,higher_even,6,0,0.8157546105712085,1.0,1.0,even,4,cos,5.72134299590539e-05,-0.0004314138829677235,0.0005458407428858313,False,0.05
49.53530760240312,7.8837890625,0.08,1,2,higher_even,6,0,0.20785163348955182,1.0,1.0,even,4,cos,0.00027153445806259424,-0.00015486531723553744,0.0006979342333607259,False,0.05
57.8280077417129,9.20361328125,0.005,1,2,higher_even,6,0,0.3625191362870541,1.0,1.0,even,4,cos,0.0001924368907852761,-0.00022681845443170559,0.0006116922360022577,False,0.05
57.8280077417129,9.20361328125,0.01,1,2,higher_even,6,0,0.34951670718156835,1.0,1.0,even,4,cos,0.0002285883972428618,-0.0002560567787152359,0.0007132335732009595,False,0.05
57.8280077417129,9.20361328125,0.02,1,2,higher_even,6,0,0.16608026248010752,0.996481574880645,1.0,even,4,cos,0.00027085154167835095,-0.00011544467797409741,0.0006571477613307993,False,0.05
57.8280077417129,9.20361328125,0.04,1,2,higher_even,6,0,0.5666474479550359,1.0,1.0,even,4,cos,0.00013776440440917037,-0.0003401628902133533,0.0006156916990316941,False,0.05
57.8280077417129,9.20361328125,0.08,1,2,higher_even,6,0,0.8652896479631592,1.0,1.0,even,4,cos,3.733055607575734e-05,-0.00040061556174876653,0.00047527667390028124,False,0.05
66.1176399194469,10.52294921875,0.005,1,2,higher_even,6,0,0.7679672526594692,1.0,1.0,even,4,cos,-6.850013475183373e-05,-0.0005304695821769872,0.00039346931267331977,False,0.05
66.1176399194469,10.52294921875,0.01,1,2,higher_even,6,0,0.8612391865099801,1.0,1.0,even,4,cos,-3.8226423418302254e-05,-0.00047346060318655966,0.00039700775634995516,False,0.05
66.1176399194469,10.52294921875,0.02,1,2,higher_even,6,0,0.10285083913991772,0.4291718897728408,1.0,even,4,cos,0.0003551483760966248,-7.361732570007861e-05,0.0007839140778933282,False,0.05
66.1176399194469,10.52294921875,0.04,1,2,higher_even,6,0,0.6568596779599407,1.0,1.0,even,4,cos,0.00010652504291712401,-0.00037037247041140633,0.0005834225562456544,False,0.05
66.1176399194469,10.52294921875,0.08,1,2,higher_even,6,0,0.6396806878501109,1.0,1.0,even,4,cos,0.00010521886527434593,-0.00034175159173580765,0.0005521893222844996,False,0.05
8.295768100885548,1.3203125,0.005,1,2,higher_odd,6,0,0.12847720476798777,0.7708632286079267,1.0,odd,3,cos,0.011339730137002523,-0.0033713934587109966,0.026050853732716043,False,0.05
8.295768100885548,1.3203125,0.01,1,2,higher_odd,6,0,0.12338426547362454,0.6169213273681227,1.0,odd,3,cos,-0.012508970997190238,-0.028516053403259908,0.003498111408879432,False,0.05
8.295768100885548,1.3203125,0.02,1,2,higher_odd,6,0,0.5765657004198954,1.0,1.0,odd,3,cos,0.003830358175213942,-0.009805819132028739,0.017466535482456625,False,0.05
8.295768100885548,1.3203125,0.04,1,2,higher_odd,6,0,0.0038555934221885233,0.02313356053313114,0.9099200476364915,odd,5,cos,0.0020388983935887787,0.0006810978021864534,0.003396698984991104,False,0.05
8.295768100885548,1.3203125,0.08,1,2,higher_odd,6,0,0.8397370932946211,1.0,1.0,odd,3,cos,0.0014335559660893413,-0.012673772324509096,0.01554088425668778,False,0.05
16.453477930861386,2.6186523437499996,0.005,1,2,higher_odd,6,0,0.3646022808395569,0.8798745859440289,1.0,odd,3,cos,-0.00035541407024318835,-0.0011331335820765384,0.0004223054415901616,False,0.05
16.453477930861386,2.6186523437499996,0.01,1,2,higher_odd,6,0,0.9108732596464651,1.0,1.0,odd,3,cos,4.0249339516017636e-05,-0.0006754144625708375,0.0007559131416028727,False,0.05
16.453477930861386,2.6186523437499996,0.02,1,2,higher_odd,6,0,0.882471152337268,1.0,1.0,odd,3,cos,-5.051900419149168e-05,-0.0007306286768088762,0.0006295906684258927,False,0.05
16.453477930861386,2.6186523437499996,0.04,1,2,higher_odd,6,0,0.15911277813986693,0.6364511125594677,1.0,odd,3,cos,0.0005493892387171949,-0.00022108140436249177,0.0013198598817968817,False,0.05
16.453477930861386,2.6186523437499996,0.08,1,2,higher_odd,6,0,0.5806299451022476,1.0,1.0,odd,3,cos,-0.00020263125996172396,-0.0009317836554602616,0.0005265211355368136,False,0.05
24.638799415019168,3.92138671875,0.005,1,2,higher_odd,6,0,0.8249341291884112,1.0,1.0,odd,3,cos,3.759082355187122e-05,-0.0003005919656699213,0.00037577361277366377,False,0.05
24.638799415019168,3.92138671875,0.01,1,2,higher_odd,6,0,0.27342635985046715,1.0,1.0,odd,3,cos,0.0001908889218243346,-0.0001543715759442994,0.0005361494195929685,False,0.05
24.638799415019168,3.92138671875,0.02,1,2,higher_odd,6,0,0.7148758853543018,1.0,1.0,odd,3,cos,6.483652073585078e-05,-0.00028823784259103454,0.0004179108840627361,False,0.05
24.638799415019168,3.92138671875,0.04,1,2,higher_odd,6,0,0.3496434027412245,1.0,1.0,odd,3,cos,-0.0001630694678594551,-0.0005088952356997033,0.00018275629998079312,False,0.05
24.638799415019168,3.92138671875,0.08,1,2,higher_odd,6,0,0.8356960013947271,1.0,1.0,odd,3,cos,-4.4813390567987585e-05,-0.00047481158601052993,0.0003851848048745547,False,0.05
32.95911120851088,5.245605468749999,0.005,1,2,higher_odd,6,0,0.22916851434585528,1.0,1.0,odd,3,cos,-0.00018788177342379594,-0.0004970758222173869,0.00012131227536979502,False,0.05
32.95911120851088,5.245605468749999,0.01,1,2,higher_odd,6,0,0.2810141179145854,1.0,1.0,odd,3,cos,-0.00018455334274272247,-0.0005237193733527067,0.0001546126878672617,False,0.05
32.95911120851088,5.245605468749999,0.02,1,2,higher_odd,6,0,0.17572242100781313,1.0,1.0,odd,3,cos,0.00019748785171146453,-9.069324726012327e-05,0.0004856689506830523,False,0.05
32.95911120851088,5.245605468749999,0.04,1,2,higher_odd,6,0,0.1828069895130092,1.0,1.0,odd,3,cos,-0.0002070305683232154,-0.000514171518410416,0.00010011038176398516,False,0.05
32.95911120851088,5.245605468749999,0.08,1,2,higher_odd,6,0,0.17073265504394922,0.26167881262769477,1.0,odd,3,cos,0.00017795339468819368,-7.868102318766567e-05,0.000434587812564053,False,0.05
41.23033561679026,6.56201171875,0.005,1,2,higher_odd,6,0,0.59830432738931,1.0,1.0,odd,3,cos,-7.650716577559038e-05,-0.0003652341777898904,0.00021221984623870962,False,0.05
41.23033561679026,6.56201171875,0.01,1,2,higher_odd,6,0,0.406491029236584,1.0,1.0,odd,3,cos,-0.00014267265193483833,-0.0004838405704855542,0.00019849526661587754,False,0.05
41.23033561679026,6.56201171875,0.02,1,2,higher_odd,6,0,0.0011865411689562868,0.007091527099953107,0.2836610839981243,odd,5,sin,-0.0018244973246421695,-0.0028979303379776987,-0.0007510643113066403,False,0.05
41.23033561679026,6.56201171875,0.04,1,2,higher_odd,6,0,0.8560795343100032,1.0,1.0,odd,3,cos,2.7338608980355606e-05,-0.00027265175373958773,0.0003273289717002989,False,0.05
41.23033561679026,6.56201171875,0.08,1,2,higher_odd,6,0,0.6899434329447945,1.0,1.0,odd,3,cos,-6.231758197574188e-05,-0.00037304668810974245,0.00024841152415825866,False,0.05
49.53530760240312,7.8837890625,0.005,1,2,higher_odd,6,0,0.7701579749489589,1.0,1.0,odd,3,cos,4.009449133349202e-05,-0.00023296026430714393,0.000313149246974128,False,0.05
49.53530760240312,7.8837890625,0.01,1,2,higher_odd,6,0,0.0786583995795974,0.4719503974775844,1.0,odd,3,cos,0.00025235449477740025,-2.9757946908742544e-05,0.000534466936463543,False,0.05
49.53530760240312,7.8837890625,0.02,1,2,higher_odd,6,0,0.07799060515735826,0.3154252982765435,1.0,odd,3,cos,-0.00023197813564461363,-0.0004907169160585012,2.676064476927391e-05,False,0.05
49.53530760240312,7.8837890625,0.04,1,2,higher_odd,6,0,0.5928117680849126,1.0,1.0,odd,3,cos,-7.353986379915559e-05,-0.00034694648256884783,0.00019986675497053665,False,0.05
49.53530760240312,7.8837890625,0.08,1,2,higher_odd,6,0,0.8871439575780053,1.0,1.0,odd,3,cos,-2.609205240657243e-05,-0.0003920058851061702,0.00033982178029302537,False,0.05
57.8280077417129,9.20361328125,0.005,1,2,higher_odd,6,0,0.22184766678784062,0.8264088087079984,1.0,odd,3,cos,-0.0001759333683525804,-0.0004608781355639227,0.00010901139885876189,False,0.05
57.8280077417129,9.20361328125,0.01,1,2,higher_odd,6,0,0.5766461278760024,1.0,1.0,odd,3,cos,-7.907797635759959e-05,-0.00036065723342206495,0.0002025012807068658,False,0.05
57.8280077417129,9.20361328125,0.02,1,2,higher_odd,6,0,0.5551915553646202,1.0,1.0,odd,3,cos,9.224020515587175e-05,-0.00021850988434164576,0.00040299029465338924,False,0.05
57.8280077417129,9.20361328125,0.04,1,2,higher_odd,6,0,0.09350251301131816,0.2076484183912118,1.0,odd,3,cos,0.00024245863536724235,-4.205273032631591e-05,0.0005269700010608006,False,0.05
57.8280077417129,9.20361328125,0.08,1,2,higher_odd,6,0,0.2737636599778997,1.0,1.0,odd,3,cos,-0.0001469863475097882,-0.00041302910987627353,0.00011905641485669715,False,0.05
66.1176399194469,10.52294921875,0.005,1,2,higher_odd,6,0,0.4566787757431776,1.0,1.0,odd,3,cos,-0.00011651948551976053,-0.00042741842516341017,0.00019437945412388913,False,0.05
66.1176399194469,10.52294921875,0.01,1,2,higher_odd,6,0,0.5950164157821737,1.0,1.0,odd,3,cos,8.074784981078944e-05,-0.0002212595044018344,0.00038275520402341327,False,0.05
66.1176399194469,10.52294921875,0.02,1,2,higher_odd,6,0,0.07038398757612929,0.42230392545677575,1.0,odd,3,cos,0.0002215400024351627,-1.8980290834223442e-05,0.0004620602957045488,False,0.05
66.1176399194469,10.52294921875,0.04,1,2,higher_odd,6,0,0.15750346335667925,0.642968608398537,1.0,odd,3,cos,-0.00021139698231380276,-0.0005067002402940898,8.390627566648423e-05,False,0.05
66.1176399194469,10.52294921875,0.08,1,2,higher_odd,6,0,0.6979642346522901,1.0,1.0,odd,3,cos,5.675888524517094e-05,-0.00023418461566227278,0.00034770238615261463,False,0.05
8.295768100885548,1.3203125,0.005,1,2,second_order,3,0,0.7803574359769779,1.0,1.0,even,0,dc,-0.03397268825033987,-0.27639101599713267,0.20844563949645295,False,0.05
8.295768100885548,1.3203125,0.01,1,2,second_order,3,0,0.7270372093459725,1.0,1.0,even,0,dc,-0.04081237277823793,-0.2734151137906876,0.19179036823421178,False,0.05
8.295768100885548,1.3203125,0.02,1,2,second_order,3,0,0.42400741669177555,1.0,1.0,even,0,dc,0.08653030042233253,-0.12834800402493962,0.3014086048696047,False,0.05
8.295768100885548,1.3203125,0.04,1,2,second_order,3,0,0.43197654288849163,1.0,1.0,even,0,dc,0.09149383323483778,-0.13968400176177437,0.32267166823144994,False,0.05
8.295768100885548,1.3203125,0.08,1,2,second_order,3,0,0.41881186954194927,1.0,1.0,even,0,dc,0.09359430100365483,-0.13622637102200336,0.32341497302931305,False,0.05
16.453477930861386,2.6186523437499996,0.005,1,2,second_order,3,0,0.44165986602770324,0.44165986602770324,1.0,even,0,dc,0.10809287523614039,-0.17088328952320272,0.3870690399954835,False,0.05
16.453477930861386,2.6186523437499996,0.01,1,2,second_order,3,0,0.874807108447688,1.0,1.0,even,0,dc,-0.02575995649550115,-0.35115789858187757,0.29963798559087523,False,0.05
16.453477930861386,2.6186523437499996,0.02,1,2,second_order,3,0,0.921682392273977,0.921682392273977,1.0,even,0,dc,0.01534079655712638,-0.29522869381174294,0.3259102869259957,False,0.05
16.453477930861386,2.6186523437499996,0.04,1,2,second_order,3,0,0.8000854226984073,1.0,1.0,even,0,dc,0.037183160089479354,-0.2549997606055982,0.3293660807845569,False,0.05
16.453477930861386,2.6186523437499996,0.08,1,2,second_order,3,0,0.619014240668091,1.0,1.0,even,0,dc,0.07326451456167432,-0.21971537514442824,0.3662444042677769,False,0.05
24.638799415019168,3.92138671875,0.005,1,2,second_order,3,0,0.7878113484584349,1.0,1.0,even,0,dc,-0.05096450929674243,-0.42774452598914003,0.3258155073956551,False,0.05
24.638799415019168,3.92138671875,0.01,1,2,second_order,3,0,0.9905313575761461,0.9905313575761461,1.0,even,0,dc,-0.0024508368376326313,-0.4135082525658386,0.40860657889057334,False,0.05
24.638799415019168,3.92138671875,0.02,1,2,second_order,3,0,0.5998700038013121,1.0,1.0,even,0,dc,-0.08670109151785331,-0.4153069181281633,0.24190473509245664,False,0.05
24.638799415019168,3.92138671875,0.04,1,2,second_order,3,0,0.8877697768024791,0.8877697768024791,1.0,even,0,dc,0.027659400776904243,-0.362412726983892,0.4177315285377005,False,0.05
24.638799415019168,3.92138671875,0.08,1,2,second_order,3,0,0.9462378344611209,1.0,1.0,even,0,dc,-0.011690121752101908,-0.3567477292484292,0.3333674857442253,False,0.05
32.95911120851088,5.245605468749999,0.005,1,2,second_order,3,0,0.39941214758605714,0.7988242951721143,1.0,even,0,dc,-0.17885523864758524,-0.6001212918284777,0.24241081453330726,False,0.05
32.95911120851088,5.245605468749999,0.01,1,2,second_order,3,0,0.5377941986310452,0.7968793077886747,1.0,even,0,dc,-0.14712369782890686,-0.6216737276115387,0.32742633195372495,False,0.05
32.95911120851088,5.245605468749999,0.02,1,2,second_order,3,0,0.17814529783296343,0.35629059566592686,1.0,even,0,dc,0.30350756516913363,-0.14190300353447166,0.7489181338727389,False,0.05
32.95911120851088,5.245605468749999,0.04,1,2,second_order,3,0,0.8942337060977217,1.0,1.0,even,0,dc,0.027254713296321138,-0.3807564307768405,0.43526585736948276,False,0.05
32.95911120851088,5.245605468749999,0.08,1,2,second_order,3,0,0.5049754744278354,0.5781848794219173,1.0,even,0,dc,0.15582737599284413,-0.30858084038782474,0.620235592373513,False,0.05
41.23033561679026,6.56201171875,0.005,1,2,second_order,3,0,0.5510216107932295,1.0,1.0,even,0,dc,-0.1464395345122476,-0.6346125006659377,0.34173343164144254,False,0.05
41.23033561679026,6.56201171875,0.01,1,2,second_order,3,0,0.8048573010071907,1.0,1.0,even,0,dc,0.06293188166609122,-0.4439401895046,0.5698039528367824,False,0.05
41.23033561679026,6.56201171875,0.02,1,2,second_order,3,0,0.6113836547026897,1.0,1.0,even,0,dc,-0.12698462885231035,-0.6239208535631439,0.3699515958585231,False,0.05
41.23033561679026,6.56201171875,0.04,1,2,second_order,3,0,0.9012757538824333,1.0,1.0,even,0,dc,-0.026418014603013858,-0.4502787525479622,0.3974427233419345,False,0.05
41.23033561679026,6.56201171875,0.08,1,2,second_order,3,0,0.3258874047139104,0.9776622141417313,1.0,even,0,dc,0.2669318016021978,-0.271793999030759,0.8056576022351547,False,0.05
49.53530760240312,7.8837890625,0.005,1,2,second_order,3,0,0.4459206108617121,0.8918412217234242,1.0,even,0,dc,0.21396440150808532,-0.3434663602656682,0.7713951632818388,False,0.05
49.53530760240312,7.8837890625,0.01,1,2,second_order,3,0,0.716164898924565,1.0,1.0,even,0,dc,0.09673840895820068,-0.43256530372531615,0.6260421216417176,False,0.05
49.53530760240312,7.8837890625,0.02,1,2,second_order,3,0,0.3491335855076396,0.6982671710152792,1.0,even,0,dc,-0.28774766539102686,-0.8973320502033946,0.3218367194213409,False,0.05
49.53530760240312,7.8837890625,0.04,1,2,second_order,3,0,0.4002046245877112,1.0,1.0,even,0,dc,-0.21966678544966142,-0.7379338265917601,0.2986002556924372,False,0.05
49.53530760240312,7.8837890625,0.08,1,2,second_order,3,0,0.652090069897872,0.652090069897872,1.0,even,0,dc,-0.12097587810122162,-0.6546178811667689,0.4126661249643256,False,0.05
57.8280077417129,9.20361328125,0.005,1,2,second_order,3,0,0.5133759127533322,0.9789086032751382,1.0,even,0,dc,-0.19069202396201124,-0.7704299844094542,0.38904593648543173,False,0.05
57.8280077417129,9.20361328125,0.01,1,2,second_order,3,0,0.7343933400056739,1.0,1.0,even,0,dc,-0.0973204318070602,-0.66798764701923,0.4733467834051096,False,0.05
57.8280077417129,9.20361328125,0.02,1,2,second_order,3,0,0.8029281233624173,0.8029281233624173,1.0,even,0,dc,0.07102511338446199,-0.495313516129501,0.6373637428984249,False,0.05
57.8280077417129,9.20361328125,0.04,1,2,second_order,3,0,0.7228467495407123,1.0,1.0,even,0,dc,0.09924388247408239,-0.45745896651991297,0.6559467314680778,False,0.05
57.8280077417129,9.20361328125,0.08,1,2,second_order,3,0,0.5840062334684732,1.0,1.0,even,0,dc,-0.14563673720328738,-0.6744217745075919,0.3831483001010171,False,0.05
66.1176399194469,10.52294921875,0.005,1,2,second_order,3,0,0.5094682290145367,1.0,1.0,even,0,dc,0.19423690133635862,-0.39082054282015144,0.7792943454928687,False,0.05
66.1176399194469,10.52294921875,0.01,1,2,second_order,3,0,0.49484916997069284,1.0,1.0,even,0,dc,0.21094310854079024,-0.4029967743386047,0.8248829914201852,False,0.05
66.1176399194469,10.52294921875,0.02,1,2,second_order,3,0,0.28535735288301367,0.5707147057660273,1.0,even,0,dc,0.3412839144732383,-0.29165320125685795,0.9742210302033345,False,0.05
66.1176399194469,10.52294921875,0.04,1,2,second_order,3,0,0.489371198611949,1.0,1.0,even,0,dc,0.20773874442273402,-0.38924387935860605,0.804721368204074,False,0.05
66.1176399194469,10.52294921875,0.08,1,2,second_order,3,0,0.574467599964515,1.0,1.0,even,0,dc,0.18850628427636282,-0.4788956153565077,0.8559081839092334,False,0.05
8.295768100885548,1.3203125,0.005,2,2,higher_even,6,0,0.7494414966102393,1.0,1.0,even,4,cos,0.001096113942194609,-0.005732346359913064,0.007924574244302282,False,0.05
8.295768100885548,1.3203125,0.01,2,2,higher_even,6,0,0.42406169240663305,0.8481233848132661,1.0,even,4,cos,0.003103081387462307,-0.004603622123193174,0.010809784898117788,False,0.05
8.295768100885548,1.3203125,0.02,2,2,higher_even,6,0,0.1761745789376865,0.8808728946884326,1.0,even,4,cos,0.005069663621287904,-0.002336023034692907,0.012475350277268715,False,0.05
8.295768100885548,1.3203125,0.04,2,2,higher_even,6,0,0.7140035679977814,1.0,1.0,even,4,cos,0.0012490061210023733,-0.0055308749829945415,0.008028887224999288,False,0.05
8.295768100885548,1.3203125,0.08,2,2,higher_even,6,0,0.3627871440456347,1.0,1.0,even,4,cos,0.0031924674699197373,-0.0037667576333700026,0.010151692573209477,False,0.05
16.453477930861386,2.6186523437499996,0.005,2,2,higher_even,6,0,0.13445592149771,0.8067355289862599,1.0,even,4,cos,0.00047470666228045143,-0.00015092910489209924,0.001100342429453002,False,0.05
16.453477930861386,2.6186523437499996,0.01,2,2,higher_even,6,0,0.18709156951638875,1.0,1.0,even,4,cos,0.0004536386446230728,-0.00022604823195789632,0.0011333255212040419,False,0.05
16.453477930861386,2.6186523437499996,0.02,2,2,higher_even,6,0,0.15062176057560064,0.9037305634536039,1.0,even,4,cos,0.0004303158285960308,-0.00016067473740280925,0.0010213063945948707,False,0.05
16.453477930861386,2.6186523437499996,0.04,2,2,higher_even,6,0,0.45033195745737775,1.0,1.0,even,4,cos,0.00023694003410230425,-0.0003864042184746121,0.0008602842866792206,False,0.05
16.453477930861386,2.6186523437499996,0.08,2,2,higher_even,6,0,0.10098791796818216,0.6059275078090929,1.0,even,4,cos,0.0004775828847426127,-9.580179776411932e-05,0.0010509675672493448,False,0.05
24.638799415019168,3.92138671875,0.005,2,2,higher_even,6,0,0.43004579046819336,1.0,1.0,even,4,cos,-0.00017568017795289184,-0.0006177068006584284,0.00026634644475264475,False,0.05
24.638799415019168,3.92138671875,0.01,2,2,higher_even,6,0,0.8693312059738132,1.0,1.0,even,4,cos,3.9376368002067117e-05,-0.0004369972669579253,0.0005157500029620596,False,0.05
24.638799415019168,3.92138671875,0.02,2,2,higher_even,6,0,0.7108210771326108,1.0,1.0,even,4,cos,-7.909346875536734e-05,-0.0005034813178455824,0.00034529438033484766,False,0.05
24.638799415019168,3.92138671875,0.04,2,2,higher_even,6,0,0.6115905132661552,1.0,1.0,even,4,cos,-0.00013573881785669965,-0.000667242493165081,0.00039576485745168176,False,0.05
24.638799415019168,3.92138671875,0.08,2,2,higher_even,6,0,0.8815839397082438,1.0,1.0,even,4,cos,3.385494112342664e-05,-0.0004184751107417086,0.00048618499298856184,False,0.05
32.95911120851088,5.245605468749999,0.005,2,2,higher_even,6,0,0.038773355726157595,0.12688179721606746,1.0,even,4,cos,0.0004518926871416363,2.405647739462454e-05,0.0008797288968886481,False,0.05
32.95911120851088,5.245605468749999,0.01,2,2,higher_even,6,0,0.6446881686409589,1.0,1.0,even,4,cos,0.00010987562129236546,-0.000363965310263233,0.0005837165528479639,False,0.05
32.95911120851088,5.245605468749999,0.02,2,2,higher_even,6,0,0.6912127101725846,1.0,1.0,even,4,cos,9.556276020006126e-05,-0.00038300239704223613,0.0005741279174423586,False,0.05
32.95911120851088,5.245605468749999,0.04,2,2,higher_even,6,0,0.3374171611747516,0.5984134733409953,1.0,even,4,cos,0.00022616255869808538,-0.0002413816250919432,0.000693706742488114,False,0.05
32.95911120851088,5.245605468749999,0.08,2,2,higher_even,6,0,0.38981167468261935,0.8123378746760276,1.0,even,4,cos,0.00021534649341428954,-0.00028161423528541476,0.0007123072221139938,False,0.05
41.23033561679026,6.56201171875,0.005,2,2,higher_even,6,0,0.9323045254636759,1.0,1.0,even,4,cos,2.2272827131319314e-05,-0.0004996032503449893,0.0005441489046076279,False,0.05
41.23033561679026,6.56201171875,0.01,2,2,higher_even,6,0,0.8909042694644479,1.0,1.0,even,4,cos,3.3714150604487915e-05,-0.00045549892634687376,0.0005229272275558496,False,0.05
41.23033561679026,6.56201171875,0.02,2,2,higher_even,6,0,0.5496711487369437,1.0,1.0,even,4,cos,-0.00013551545167373425,-0.0005857397583042018,0.00031470885495673325,False,0.05
41.23033561679026,6.56201171875,0.04,2,2,higher_even,6,0,0.9367504091104217,1.0,1.0,even,4,cos,1.988387932610806e-05,-0.0004788433746627113,0.0005186111333149274,False,0.05
41.23033561679026,6.56201171875,0.08,2,2,higher_even,6,0,0.10326169949645357,0.6195701969787214,1.0,even,4,cos,-0.0003892126096601219,-0.0008596764487484741,8.125122942823028e-05,False,0.05
49.53530760240312,7.8837890625,0.005,2,2,higher_even,6,0,0.004311927205486842,0.02587156323292105,1.0,even,4,cos,0.0007098308103372114,0.00023086944481078123,0.0011887921758636417,False,0.05
49.53530760240312,7.8837890625,0.01,2,2,higher_even,6,0,0.17580447271662217,0.5649879521551002,1.0,even,4,cos,0.00040693394316622324,-0.00018699258817239802,0.0010008604745048444,False,0.05
49.53530760240312,7.8837890625,0.02,2,2,higher_even,6,0,0.3098360368871861,1.0,1.0,even,4,cos,0.00028722932009532027,-0.0002733990359834034,0.0008478576761740439,False,0.05
49.53530760240312,7.8837890625,0.04,2,2,higher_even,6,0,0.07642344087948075,0.3724760339619637,1.0,even,4,cos,0.0005033264376810407,-5.502290486161831e-05,0.0010616757802236997,False,0.05
49.53530760240312,7.8837890625,0.08,2,2,higher_even,6,0,0.8413655203132119,1.0,1.0,even,4,cos,-4.883800572255746e-05,-0.0005344453577718401,0.00043676934632672516,False,0.05
57.8280077417129,9.20361328125,0.005,2,2,higher_even,6,0,0.052096552451273724,0.14009088500057096,1.0,even,4,cos,0.000535750254933705,-5.01263030899693e-06,0.0010765131401764068,False,0.05
57.8280077417129,9.20361328125,0.01,2,2,higher_even,6,0,0.46626199512117317,1.0,1.0,even,4,cos,0.00018869942967228388,-0.0003257246580843359,0.0007031235174289037,False,0.05
57.8280077417129,9.20361328125,0.02,2,2,higher_even,6,0,0.01903893724444663,0.07950978164865727,1.0,even,4,cos,0.0005549244905307463,9.416641573504846e-05,0.001015682565326444,False,0.05
57.8280077417129,9.20361328125,0.04,2,2,higher_even,6,0,0.6698962823919303,1.0,1.0,even,4,cos,0.00010881058054290221,-0.0003988769153930669,0.0006164980764788714,False,0.05
57.8280077417129,9.20361328125,0.08,2,2,higher_even,6,0,0.053572010676573203,0.21760108050208665,1.0,even,4,cos,0.0005382753837222264,-8.532000743242062e-06,0.0010850827681876947,False,0.05
66.1176399194469,10.52294921875,0.005,2,2,higher_even,6,0,0.7965834129399233,1.0,1.0,even,4,cos,-4.605902329998366e-05,-0.0004016175164490063,0.00030949946984903893,False,0.05
66.1176399194469,10.52294921875,0.01,2,2,higher_even,6,0,0.8959195762023543,1.0,1.0,even,4,cos,-2.807922969024347e-05,-0.0004552833228021973,0.00039912486342171037,False,0.05
66.1176399194469,10.52294921875,0.02,2,2,higher_even,6,0,0.26476184584196133,1.0,1.0,even,4,cos,-0.00022295408875103683,-0.0006189084538143685,0.00017300027631229485,False,0.05
66.1176399194469,10.52294921875,0.04,2,2,higher_even,6,0,0.3673118623968402,1.0,1.0,even,4,cos,0.00019343139646333643,-0.0002322515795840755,0.0006191143725107484,False,0.05
66.1176399194469,10.52294921875,0.08,2,2,higher_even,6,0,0.6823811748073676,1.0,1.0,even,4,cos,9.417136173214531e-05,-0.0003635718211030708,0.0005519145445673614,False,0.05
8.295768100885548,1.3203125,0.005,2,2,higher_odd,6,0,0.503551808326494,1.0,1.0,odd,3,cos,0.0051144250073034145,-0.010076965190489062,0.020305815205095893,False,0.05
8.295768100885548,1.3203125,0.01,2,2,higher_odd,6,0,0.7135404324992293,1.0,1.0,odd,3,cos,0.0028033166559220416,-0.012387942849459446,0.01799457616130353,False,0.05
8.295768100885548,1.3203125,0.02,2,2,higher_odd,6,0,0.7963925847978657,1.0,1.0,odd,3,cos,0.0021855192491642968,-0.01466969862615835,0.019040737124486944,False,0.05
8.295768100885548,1.3203125,0.04,2,2,higher_odd,6,0,0.6506491910767984,1.0,1.0,odd,3,cos,-0.004028418218195785,-0.02171974519525504,0.013662908758863472,False,0.05
8.295768100885548,1.3203125,0.08,2,2,higher_odd,6,0,0.1319843792919149,0.7919062757514894,1.0,odd,3,cos,0.012418647578397357,-0.003842619160176036,0.02867991431697075,False,0.05
16.453477930861386,2.6186523437499996,0.005,2,2,higher_odd,6,0,0.3474652355424651,1.0,1.0,odd,3,cos,0.00039852670787290565,-0.0004428020987477247,0.001239855514493536,False,0.05
16.453477930861386,2.6186523437499996,0.01,2,2,higher_odd,6,0,0.7408490795726097,0.9996469025659789,1.0,odd,3,cos,0.00013466689905352176,-0.0006754445663143473,0.0009447783644213907,False,0.05
16.453477930861386,2.6186523437499996,0.02,2,2,higher_odd,6,0,0.6291826244261106,1.0,1.0,odd,3,cos,-0.00020246415187974713,-0.0010362463139712398,0.0006313180102117457,False,0.05
16.453477930861386,2.6186523437499996,0.04,2,2,higher_odd,6,0,0.03574586845547783,0.21447521073286696,1.0,odd,3,cos,0.0009497321546107957,6.528008376289519e-05,0.0018341842254586964,False,0.05
16.453477930861386,2.6186523437499996,0.08,2,2,higher_odd,6,0,0.549215751517011,1.0,1.0,odd,3,cos,0.00025607706015125334,-0.0005937176636652964,0.001105871783967803,False,0.05
24.638799415019168,3.92138671875,0.005,2,2,higher_odd,6,0,0.6877288425692869,1.0,1.0,odd,3,cos,6.634648337519743e-05,-0.0002619932958192403,0.0003946862625696351,False,0.05
24.638799415019168,3.92138671875,0.01,2,2,higher_odd,6,0,0.23475512033756263,1.0,1.0,odd,3,cos,0.00020530581400680334,-0.00013667719913920272,0.0005472888271528094,False,0.05
24.638799415019168,3.92138671875,0.02,2,2,higher_odd,6,0,0.36526737297659173,0.36526737297659173,1.0,odd,3,cos,-0.00013205435292783989,-0.0004214202829075645,0.00015731157705188472,False,0.05
24.638799415019168,3.92138671875,0.04,2,2,higher_odd,6,0,0.1913113233444681,0.8834499325841597,1.0,odd,3,cos,-0.00023274840825557224,-0.0005848637292005167,0.00011936691268937228,False,0.05
24.638799415019168,3.92138671875,0.08,2,2,higher_odd,6,0,0.44556117898358216,1.0,1.0,odd,3,cos,0.00012436015078191854,-0.00019937206365847152,0.0004480923652223086,False,0.05
32.95911120851088,5.245605468749999,0.005,2,2,higher_odd,6,0,0.11988457773448041,0.7193074664068825,1.0,odd,3,cos,0.00027175011063654644,-7.268209874951705e-05,0.0006161823200226099,False,0.05
32.95911120851088,5.245605468749999,0.01,2,2,higher_odd,6,0,0.5103722375892199,1.0,1.0,odd,3,cos,0.00010174633364182012,-0.00020537964063645822,0.00040887230792009845,False,0.05
32.95911120851088,5.245605468749999,0.02,2,2,higher_odd,6,0,0.5738510298759437,1.0,1.0,odd,3,cos,9.078450440344039e-05,-0.0002301173258010965,0.0004116863346079773,False,0.05
32.95911120851088,5.245605468749999,0.04,2,2,higher_odd,6,0,0.903093154100066,1.0,1.0,odd,3,cos,1.8976897591010987e-05,-0.0002912356249347108,0.00032918942011673277,False,0.05
32.95911120851088,5.245605468749999,0.08,2,2,higher_odd,6,0,0.678778084068775,1.0,1.0,odd,3,cos,-6.309294384529189e-05,-0.00036612705121348164,0.00023994116352289783,False,0.05
41.23033561679026,6.56201171875,0.005,2,2,higher_odd,6,0,0.9191702130027096,1.0,1.0,odd,3,cos,1.6434481226659946e-05,-0.000305900960910446,0.00033876992336376587,False,0.05
41.23033561679026,6.56201171875,0.01,2,2,higher_odd,6,0,0.1463260408047706,0.3790651447123506,1.0,odd,3,cos,-0.00023042217999726388,-0.0005434940398837916,8.264967988926393e-05,False,0.05
41.23033561679026,6.56201171875,0.02,2,2,higher_odd,6,0,0.7444487578651272,1.0,1.0,odd,3,cos,-5.273741543129136e-05,-0.00037462634067676867,0.000269151509814186,False,0.05
41.23033561679026,6.56201171875,0.04,2,2,higher_odd,6,0,0.6325818460145785,1.0,1.0,odd,3,cos,7.080524652911912e-05,-0.00022370459578763561,0.00036531508884587386,False,0.05
41.23033561679026,6.56201171875,0.08,2,2,higher_odd,6,0,0.4896098145834862,1.0,1.0,odd,3,cos,0.00010150872428743277,-0.0001903596851420473,0.0003933771337169128,False,0.05
49.53530760240312,7.8837890625,0.005,2,2,higher_odd,6,0,0.21028111258901533,0.507607065303981,1.0,odd,3,cos,-0.0001766982518294048,-0.0004556767645877804,0.00010228026092897082,False,0.05
49.53530760240312,7.8837890625,0.01,2,2,higher_odd,6,0,0.7772324339777341,1.0,1.0,odd,3,cos,3.903485079229433e-05,-0.000235491919691396,0.00031356162127598467,False,0.05
49.53530760240312,7.8837890625,0.02,2,2,higher_odd,6,0,0.6941729803383911,1.0,1.0,odd,3,cos,6.544316593862256e-05,-0.00026563498333087576,0.00039652131520812083,False,0.05
49.53530760240312,7.8837890625,0.04,2,2,higher_odd,6,0,0.13187587520628669,0.6455967593920736,1.0,odd,3,cos,0.0002445804507086847,-7.558734366225193e-05,0.0005647482450796214,False,0.05
49.53530760240312,7.8837890625,0.08,2,2,higher_odd,6,0,0.007427105279653833,0.028388507191712778,1.0,odd,3,cos,-0.00039778662555117305,-0.0006851208148659408,-0.00011045243623640538,False,0.05
57.8280077417129,9.20361328125,0.005,2,2,higher_odd,6,0,0.417520259232938,1.0,1.0,odd,3,cos,0.0001245215199076322,-0.00018038916725118348,0.00042943220706644785,False,0.05
57.8280077417129,9.20361328125,0.01,2,2,higher_odd,6,0,0.6557432452984644,1.0,1.0,odd,3,cos,5.598166105334798e-05,-0.00019377040693513683,0.0003057337290418328,False,0.05
57.8280077417129,9.20361328125,0.02,2,2,higher_odd,6,0,0.2677397912572255,1.0,1.0,odd,3,cos,-0.0001650737837914498,-0.0004600856353190779,0.00012993806773617825,False,0.05
57.8280077417129,9.20361328125,0.04,2,2,higher_odd,6,0,0.2036107640715071,1.0,1.0,odd,3,cos,0.00018697234543965592,-0.00010386811966431661,0.00047781281054362846,False,0.05
57.8280077417129,9.20361328125,0.08,2,2,higher_odd,6,0,0.7993342857424753,1.0,1.0,odd,3,cos,-3.498296520490613e-05,-0.0003088250394677208,0.00023885910905790852,False,0.05
66.1176399194469,10.52294921875,0.005,2,2,higher_odd,6,0,0.4690014873739722,1.0,1.0,odd,3,cos,-7.937439938331473e-05,-0.0002971027865567731,0.00013835398779014362,False,0.05
66.1176399194469,10.52294921875,0.01,2,2,higher_odd,6,0,0.003559129076231754,0.02135477445739052,0.854190978295621,odd,3,cos,0.00037170730635122904,0.00012644365322975805,0.0006169709594727,False,0.05
66.1176399194469,10.52294921875,0.02,2,2,higher_odd,6,0,0.48075764629104123,1.0,1.0,odd,3,cos,8.450492224384773e-05,-0.00015357567185452978,0.00032258551634222523,False,0.05
66.1176399194469,10.52294921875,0.04,2,2,higher_odd,6,0,0.3378213228090299,1.0,1.0,odd,3,cos,0.00012497542757744422,-0.00013360317144857622,0.0003835540266034647,False,0.05
66.1176399194469,10.52294921875,0.08,2,2,higher_odd,6,0,0.16919235607047728,1.0,1.0,odd,3,cos,0.00018384739311160547,-8.031796922651434e-05,0.00044801275544972526,False,0.05
8.295768100885548,1.3203125,0.005,2,2,second_order,3,0,0.3898646005644677,0.7797292011289354,1.0,even,0,dc,0.011887795634268474,-0.015549062090667358,0.039324653359204306,False,0.05
8.295768100885548,1.3203125,0.01,2,2,second_order,3,0,0.5677382255444801,1.0,1.0,even,0,dc,0.008183324059912931,-0.020286182634373928,0.03665283075419979,False,0.05
8.295768100885548,1.3203125,0.02,2,2,second_order,3,0,0.08420252066106515,0.25260756198319545,1.0,even,0,dc,0.0242417204275352,-0.0033686802200364706,0.051852121075106866,False,0.05
8.295768100885548,1.3203125,0.04,2,2,second_order,3,0,0.4037410160176048,1.0,1.0,even,0,dc,0.012275882168428317,-0.0169066787120966,0.041458443048953235,False,0.05
8.295768100885548,1.3203125,0.08,2,2,second_order,3,0,0.7574481272437069,1.0,1.0,even,0,dc,-0.004573546575557521,-0.03403873985088206,0.02489164669976701,False,0.05
16.453477930861386,2.6186523437499996,0.005,2,2,second_order,3,0,0.2014449568248852,0.6043348704746556,1.0,even,0,dc,0.03045285251469174,-0.016687696461627297,0.07759340149101078,False,0.05
16.453477930861386,2.6186523437499996,0.01,2,2,second_order,3,0,0.10562533882299985,0.31687601646899954,1.0,even,0,dc,0.03848625480219046,-0.00835932192294811,0.08533183152732902,False,0.05
16.453477930861386,2.6186523437499996,0.02,2,2,second_order,3,0,0.3352937137359874,0.8754914607350434,1.0,even,0,dc,0.02309993203405124,-0.02444344604042051,0.070643310108523,False,0.05
16.453477930861386,2.6186523437499996,0.04,2,2,second_order,3,0,0.2600082312851322,0.5200164625702643,1.0,even,0,dc,0.023134356390883064,-0.017539674330490612,0.06380838711225674,False,0.05
16.453477930861386,2.6186523437499996,0.08,2,2,second_order,3,0,0.3272476394764908,0.6544952789529817,1.0,even,0,dc,0.020552401181012363,-0.021044461037950934,0.06214926339997566,False,0.05
24.638799415019168,3.92138671875,0.005,2,2,second_order,3,0,0.0328112042563472,0.09843361276904158,1.0,even,0,dc,0.05122931662494619,0.004321952297390637,0.09813668095250175,False,0.05
24.638799415019168,3.92138671875,0.01,2,2,second_order,3,0,0.12206092656638297,0.3661827796991489,1.0,even,0,dc,0.037330448619916204,-0.01026754485166842,0.08492844209150083,False,0.05
24.638799415019168,3.92138671875,0.02,2,2,second_order,3,0,0.07833269308736258,0.23499807926208777,1.0,even,0,dc,0.0382963138120951,-0.004468110640713549,0.08106073826490375,False,0.05
24.638799415019168,3.92138671875,0.04,2,2,second_order,3,0,0.53574737613282,1.0,1.0,even,0,dc,0.015357875868725208,-0.03393011775891081,0.06464586949636122,False,0.05
24.638799415019168,3.92138671875,0.08,2,2,second_order,3,0,0.062266948076735364,0.1868008442302061,1.0,even,0,dc,0.05095018730454052,-0.002690869865547743,0.10459124447462878,False,0.05
32.95911120851088,5.245605468749999,0.005,2,2,second_order,3,0,0.3766231207853957,0.4871040365573073,1.0,even,0,dc,0.029564688255269318,-0.03678565999501874,0.09591503650555738,False,0.05
32.95911120851088,5.245605468749999,0.01,2,2,second_order,3,0,0.05804317865613789,0.17412953596841366,1.0,even,0,dc,0.05807780054293261,-0.0020395910636912123,0.11819519214955643,False,0.05
32.95911120851088,5.245605468749999,0.02,2,2,second_order,3,0,0.25401180092857084,0.7620354027857126,1.0,even,0,dc,0.03952781574634582,-0.029089237765364477,0.10814486925805611,False,0.05
32.95911120851088,5.245605468749999,0.04,2,2,second_order,3,0,0.4656960516759532,0.9313921033519064,1.0,even,0,dc,0.022854074460270355,-0.03937034300211628,0.08507849192265698,False,0.05
32.95911120851088,5.245605468749999,0.08,2,2,second_order,3,0,0.39594451476215464,0.7918890295243093,1.0,even,0,dc,0.030344131005315304,-0.04060057742289648,0.10128883943352708,False,0.05
41.23033561679026,6.56201171875,0.005,2,2,second_order,3,0,0.6298212855349861,1.0,1.0,even,0,dc,0.018461984680154503,-0.05770975247897528,0.09463372183928428,False,0.05
41.23033561679026,6.56201171875,0.01,2,2,second_order,3,0,0.9375343631930755,1.0,1.0,even,0,dc,-0.0025981615867824983,-0.06858483000963078,0.06338850683606578,False,0.05
41.23033561679026,6.56201171875,0.02,2,2,second_order,3,0,0.5011812695293629,1.0,1.0,even,0,dc,0.027848812865416572,-0.054411397505369496,0.11010902323620264,False,0.05
41.23033561679026,6.56201171875,0.04,2,2,second_order,3,0,0.8196624816169058,1.0,1.0,even,0,dc,-0.007470985428770996,-0.07268468626223777,0.057742715404695784,False,0.05
41.23033561679026,6.56201171875,0.08,2,2,second_order,3,0,0.5083052184461201,0.5083052184461201,1.0,even,0,dc,0.02732083774012073,-0.054745425991935964,0.10938710147217742,False,0.05
49.53530760240312,7.8837890625,0.005,2,2,second_order,3,0,0.003917601586938763,0.011752804760816289,0.47011219043265157,even,2,cos,0.0009095772422976193,0.00030272015270921705,0.0015164343318860216,False,0.05
49.53530760240312,7.8837890625,0.01,2,2,second_order,3,0,0.6362281881825034,1.0,1.0,even,0,dc,0.018395328316291416,-0.05894814886950518,0.095738805502088,False,0.05
49.53530760240312,7.8837890625,0.02,2,2,second_order,3,0,0.6069806044459424,1.0,1.0,even,0,dc,0.02080995071396175,-0.05962912082598593,0.10124902225390944,False,0.05
49.53530760240312,7.8837890625,0.04,2,2,second_order,3,0,0.26779492714911834,0.4147006774414013,1.0,even,0,dc,0.044255625277415986,-0.03484508326643629,0.12335633382126826,False,0.05
49.53530760240312,7.8837890625,0.08,2,2,second_order,3,0,0.028383671717279693,0.08515101515183908,1.0,even,0,dc,0.09152307336373312,0.010003940366842795,0.17304220636062345,False,0.05
57.8280077417129,9.20361328125,0.005,2,2,second_order,3,0,0.7498632883914789,0.7498632883914789,1.0,even,0,dc,0.01494493979610426,-0.07832011106036556,0.10820999065257407,False,0.05
57.8280077417129,9.20361328125,0.01,2,2,second_order,3,0,0.6570572416174009,1.0,1.0,even,0,dc,0.022612640274303198,-0.07868335243478666,0.12390863298339305,False,0.05
57.8280077417129,9.20361328125,0.02,2,2,second_order,3,0,0.8451427331523746,0.8451427331523746,1.0,even,0,dc,0.008975081758473537,-0.08247256271885756,0.10042272623580464,False,0.05
57.8280077417129,9.20361328125,0.04,2,2,second_order,3,0,0.03398555314334013,0.1019566594300204,1.0,even,0,dc,-0.09248582480596727,-0.17775470833203336,-0.00721694127990119,False,0.05
57.8280077417129,9.20361328125,0.08,2,2,second_order,3,0,0.27938758652799867,0.4001698053583722,1.0,even,0,dc,-0.04285657624020137,-0.12134857808942667,0.03563542560902392,False,0.05
66.1176399194469,10.52294921875,0.005,2,2,second_order,3,0,0.3931027467032403,1.0,1.0,even,0,dc,0.03413144255483403,-0.045187047776698984,0.11344993288636704,False,0.05
66.1176399194469,10.52294921875,0.01,2,2,second_order,3,0,0.5271038597662738,1.0,1.0,even,0,dc,-0.02648138823826245,-0.10969187125485298,0.05672909477832809,False,0.05
66.1176399194469,10.52294921875,0.02,2,2,second_order,3,0,0.1831738152497037,0.3663476304994074,1.0,even,0,dc,0.06237589318554463,-0.030240762227104652,0.15499254859819392,False,0.05
66.1176399194469,10.52294921875,0.04,2,2,second_order,3,0,0.6973201443678143,1.0,1.0,even,0,dc,0.01766829395739674,-0.07269563762414741,0.10803222553894087,False,0.05
66.1176399194469,10.52294921875,0.08,2,2,second_order,3,0,0.23182506707688963,0.6954752012306689,1.0,even,0,dc,0.05636553584998975,-0.036930542402918994,0.1496616141028985,False,0.05
