coordinate,harmonic_index,harmonic_center_frequency,selection_mode,peak_source,peak_rank,target_frequency,target_band_min,target_band_max,tested_frequency,peak_band_position,peak_at_band_edge,nearest_bin,tested_bin,peak_power_method,exclude_bins,background_bins_per_side,background_left_min,background_left_max,background_right_min,background_right_max,n_seed,mean_log_peak_ratio,std_log_peak_ratio,standard_error,t_statistic,degrees_of_freedom,p_value_one_sided,p_value_adjusted,confidence_interval_low,confidence_interval_high,significant,significance_alpha,confidence_level
x,1,1.3203125,harmonic_band_postprocess,target_frequency_band,k1,1.3203125,1.2803125,1.3603125,1.3203125,0.5,False,2704,2704,nearest_bin,3,24,1.267578125,1.27880859375,1.36181640625,1.373046875,96,0.02687117652474785,0.3006309695121693,0.03068301984095921,0.8757670093762129,95,0.19168283861750818,0.19168283861750818,-0.03404231940520877,0.08778467245470448,False,0.05,0.95
y,1,1.3203125,harmonic_band_postprocess,target_frequency_band,k1,1.3203125,1.2803125,1.3603125,1.3203125,0.5,False,2704,2704,nearest_bin,3,24,1.267578125,1.27880859375,1.36181640625,1.373046875,96,0.02292098684780761,0.3013101826925889,0.03075234174590092,0.7453411853054352,95,0.22895280026213666,0.2834363223357601,-0.03813013046349971,0.08397210415911494,False,0.05,0.95
z,1,1.3203125,harmonic_band_postprocess,target_frequency_band,k1,1.3203125,1.2803125,1.3603125,1.3203125,0.5,False,2704,2704,nearest_bin,3,24,1.267578125,1.27880859375,1.36181640625,1.373046875,96,2.3909091131459124,0.2655868629765381,0.02710634569495798,88.20477463292451,95,3.0425675940023868e-93,2.4340540752019094e-92,2.33709621315353,2.4447220131382945,True,0.05,0.95
x,2,2.640625,harmonic_band_postprocess,target_frequency_band,k2,2.640625,2.600625,2.680625,2.61865234375,0.22534179687500025,False,5363,5363,nearest_bin,3,24,2.587890625,2.59912109375,2.68212890625,2.693359375,96,0.04648092304090662,0.32362335851969715,0.033029670717460054,1.4072475453512772,95,0.08130870167222487,0.16261740334444974,-0.019091263896509017,0.11205310997832225,False,0.05,0.95
y,2,2.640625,harmonic_band_postprocess,target_frequency_band,k2,2.640625,2.600625,2.680625,2.61865234375,0.22534179687500025,False,5363,5363,nearest_bin,3,24,2.587890625,2.59912109375,2.68212890625,2.693359375,96,0.03542174774824137,0.32172885522005507,0.032836313784120795,1.078737034282175,95,0.14171816116788005,0.2834363223357601,-0.02976657714322705,0.10061007263970978,False,0.05,0.95
z,2,2.640625,harmonic_band_postprocess,target_frequency_band,k2,2.640625,2.600625,2.680625,2.61865234375,0.22534179687500025,False,5363,5363,nearest_bin,3,24,2.587890625,2.59912109375,2.68212890625,2.693359375,96,1.1074692530732608,0.25113076771014675,0.025630926650136228,43.208318926205294,95,1.4472947487000598e-64,1.0131063240900419e-63,1.0565854302202076,1.158353075926314,True,0.05,0.95
x,3,3.9609375,harmonic_band_postprocess,target_frequency_band,k3,3.9609375,3.9209375,4.0009375,3.92138671875,0.005615234375000439,True,8031,8031,nearest_bin,3,24,3.908203125,3.91943359375,4.00244140625,4.013671875,96,0.10184562397449477,0.29949219320366266,0.030566793970667066,3.33190402867338,95,0.0006149750249184527,0.0025846652883013384,0.041162865570169356,0.1625283823788202,True,0.05,0.95
y,3,3.9609375,harmonic_band_postprocess,target_frequency_band,k3,3.9609375,3.9209375,4.0009375,3.92138671875,0.005615234375000439,True,8031,8031,nearest_bin,3,24,3.908203125,3.91943359375,4.00244140625,4.013671875,96,0.0833166641440994,0.30198241779553303,0.030820951453792603,2.703247635590012,95,0.004067760171366588,0.012203280514099763,0.02212933934134964,0.14450398894684915,True,0.05,0.95
z,3,3.9609375,harmonic_band_postprocess,target_frequency_band,k3,3.9609375,3.9209375,4.0009375,3.92138671875,0.005615234375000439,True,8031,8031,nearest_bin,3,24,3.908203125,3.91943359375,4.00244140625,4.013671875,96,0.6326179524619369,0.3316336488558778,0.03384721755142629,18.690397563721714,95,6.882396302029181e-34,4.129437781217509e-33,0.565422729851974,0.6998131750718998,True,0.05,0.95
x,4,5.28125,harmonic_band_postprocess,target_frequency_band,k4,5.28125,5.24125,5.32125,5.24560546875,0.054443359375000396,False,10743,10743,nearest_bin,3,24,5.228515625,5.23974609375,5.32275390625,5.333984375,96,0.11249477959348907,0.2765140079870784,0.028221592762508935,3.9861244026925764,95,6.58936303074557e-05,0.0003953617818447342,0.056467834241090545,0.16852172494588757,True,0.05,0.95
y,4,5.28125,harmonic_band_postprocess,target_frequency_band,k4,5.28125,5.24125,5.32125,5.24560546875,0.054443359375000396,False,10743,10743,nearest_bin,3,24,5.228515625,5.23974609375,5.32275390625,5.333984375,96,0.1004623863463339,0.276031812959178,0.028172378938556304,3.5659887496700735,95,0.0002848791862686581,0.0017092751176119485,0.04453314278732387,0.15639162990534394,True,0.05,0.95
z,4,5.28125,harmonic_band_postprocess,target_frequency_band,k4,5.28125,5.24125,5.32125,5.24560546875,0.054443359375000396,False,10743,10743,nearest_bin,3,24,5.228515625,5.23974609375,5.32275390625,5.333984375,96,0.27844681554779244,0.2811080484357213,0.028690470052379007,9.705202286314709,95,3.52410343331737e-16,1.762051716658685e-15,0.2214890310851567,0.3354046000104282,True,0.05,0.95
x,5,6.6015625,harmonic_band_postprocess,target_frequency_band,k5,6.6015625,6.5615625,6.6415625,6.56201171875,0.005615234375000439,True,13439,13439,nearest_bin,3,24,6.548828125,6.56005859375,6.64306640625,6.654296875,96,0.0806796252587323,0.23348353745011544,0.023829813753866242,3.38565907782819,95,0.0005169330576602676,0.0025846652883013384,0.033371463590432277,0.12798778692703233,True,0.05,0.95
y,5,6.6015625,harmonic_band_postprocess,target_frequency_band,k5,6.6015625,6.5615625,6.6415625,6.56201171875,0.005615234375000439,True,13439,13439,nearest_bin,3,24,6.548828125,6.56005859375,6.64306640625,6.654296875,96,0.07008237801426438,0.2342701787296512,0.02391009999326094,2.9310784159839187,95,0.0021156030450732504,0.010502185485166701,0.022614828008638052,0.11754992801989071,True,0.05,0.95
z,5,6.6015625,harmonic_band_postprocess,target_frequency_band,k5,6.6015625,6.5615625,6.6415625,6.56201171875,0.005615234375000439,True,13439,13439,nearest_bin,3,24,6.548828125,6.56005859375,6.64306640625,6.654296875,96,0.1859653306165497,0.3053150308818686,0.031161084852611105,5.967870871510013,95,2.060527905750605e-08,8.24211162300242e-08,0.12410275564246853,0.2478279055906309,True,0.05,0.95
x,6,7.921875,harmonic_band_postprocess,target_frequency_band,k6,7.921875,7.881875,7.961875,7.8837890625,0.023925781250000423,False,16146,16146,nearest_bin,3,24,7.869140625,7.88037109375,7.96337890625,7.974609375,96,0.10756214394591511,0.3269831222694386,0.03337257516925866,3.2230699429211747,95,0.0008691543600417514,0.0026074630801252545,0.041309205601458523,0.17381508229037168,True,0.05,0.95
y,6,7.921875,harmonic_band_postprocess,target_frequency_band,k6,7.921875,7.881875,7.961875,7.8837890625,0.023925781250000423,False,16146,16146,nearest_bin,3,24,7.869140625,7.88037109375,7.96337890625,7.974609375,96,0.09814300076507228,0.3277979226793563,0.03345573538786319,2.9335179641777,95,0.0021004370970333403,0.010502185485166701,0.03172496851317899,0.16456103301696556,True,0.05,0.95
z,6,7.921875,harmonic_band_postprocess,target_frequency_band,k6,7.921875,7.881875,7.961875,7.8837890625,0.023925781250000423,False,16146,16146,nearest_bin,3,24,7.869140625,7.88037109375,7.96337890625,7.974609375,96,0.12298159292783654,0.2498855709865802,0.025503839291714417,4.8220815509839845,95,2.696212604122945e-06,5.39242520824589e-06,0.07235007038062341,0.17361311547504968,True,0.05,0.95
x,7,9.2421875,harmonic_band_postprocess,target_frequency_band,k7,9.2421875,9.2021875,9.2821875,9.20361328125,0.01782226562498972,True,18849,18849,nearest_bin,3,24,9.189453125,9.20068359375,9.28369140625,9.294921875,96,0.15040439576098327,0.30442445304824967,0.031070190633086116,4.840794108318737,95,2.500363869016123e-06,1.7502547083112864e-05,0.08872226862742727,0.21208652289453928,True,0.05,0.95
y,7,9.2421875,harmonic_band_postprocess,target_frequency_band,k7,9.2421875,9.2021875,9.2821875,9.20361328125,0.01782226562498972,True,18849,18849,nearest_bin,3,24,9.189453125,9.20068359375,9.28369140625,9.294921875,96,0.1420388036688339,0.3036106603756261,0.030987133266238472,4.583799425666458,95,6.945749282676519e-06,4.862024497873563e-05,0.080521566256161,0.2035560410815068,True,0.05,0.95
z,7,9.2421875,harmonic_band_postprocess,target_frequency_band,k7,9.2421875,9.2021875,9.2821875,9.20361328125,0.01782226562498972,True,18849,18849,nearest_bin,3,24,9.189453125,9.20068359375,9.28369140625,9.294921875,96,0.1528052916490936,0.28934831401342365,0.029531488636145308,5.174317269670798,95,6.357191736544119e-07,1.907157520963236e-06,0.09417787419906593,0.21143270909912126,True,0.05,0.95
x,8,10.5625,harmonic_band_postprocess,target_frequency_band,k8,10.5625,10.5225,10.6025,10.52294921875,0.0056152343749894616,True,21551,21551,nearest_bin,3,24,10.509765625,10.52099609375,10.60400390625,10.615234375,96,0.1605568021526361,0.2466719773046629,0.025175853259992362,6.377412534723552,95,3.2454813873800097e-09,2.5963851099040077e-08,0.11057641420403617,0.210537190101236,True,0.05,0.95
y,8,10.5625,harmonic_band_postprocess,target_frequency_band,k8,10.5625,10.5225,10.6025,10.52294921875,0.0056152343749894616,True,21551,21551,nearest_bin,3,24,10.509765625,10.52099609375,10.60400390625,10.615234375,96,0.15295257096284748,0.24700645888877654,0.02520999114371887,6.067141003377781,95,1.3222188613033833e-08,1.0577750890427067e-07,0.10290441074632183,0.20300073117937312,True,0.05,0.95
z,8,10.5625,harmonic_band_postprocess,target_frequency_band,k8,10.5625,10.5225,10.6025,10.52294921875,0.0056152343749894616,True,21551,21551,nearest_bin,3,24,10.509765625,10.52099609375,10.60400390625,10.615234375,96,0.08634231328141802,0.28246332272137586,0.028828792154936035,2.9950028019690924,95,0.001749765950993321,0.001749765950993321,0.029109924725873426,0.1435747018369626,True,0.05,0.95
