frequency,coordinate,A,R1,R2,R3,R4,R_low,R_high,higher_ratio,second_to_first,third_to_second,fourth_to_second,c1_f_p,c2_2f_p,c3_f_p,c3_3f_p,c4_2f_p,c4_4f_p
2.265625,x,0.02,0.000691047565419823,0.00016669749375447068,5.066582550009711e-06,4.481213477208667e-06,0.0008577450591742938,9.547796027218377e-06,0.011131274876021483,0.2412243412697636,0.030393873572402343,0.02688230864351843,0.6079474426137561,0.003968728077562522,0.9819868904036112,0.488926683100659,0.00157563244904907,0.9261885511997939
2.265625,x,0.03,0.0010365713481297345,0.000375069360947559,1.709971610628277e-05,2.2686143228368872e-05,0.0014116407090772934,3.978585933465164e-05,0.02818412580397835,0.36183651190464544,0.045590810358603504,0.06048519444791646,0.6079474426137561,0.003968728077562522,0.9819868904036112,0.488926683100659,0.00157563244904907,0.9261885511997939
2.265625,x,0.04,0.001382095130839646,0.0006667899750178827,4.0532660400077686e-05,7.169941563533867e-05,0.0020488851058575288,0.00011223207603541636,0.05477714475768195,0.4824486825395272,0.060787747144804685,0.10752923457407372,0.6079474426137561,0.003968728077562522,0.9819868904036112,0.488926683100659,0.00157563244904907,0.9261885511997939
2.265625,x,0.05,0.0017276189135495574,0.001041859335965442,7.916535234390174e-05,0.00017504740145346358,0.0027694782495149995,0.0002542127537973653,0.09179084682895919,0.6030608531744092,0.07598468393100585,0.1680144290219902,0.6079474426137561,0.003968728077562522,0.9819868904036112,0.488926683100659,0.00157563244904907,0.9261885511997939
2.265625,x,0.06,0.002073142696259469,0.001500277443790236,0.00013679772885026215,0.00036297829165390195,0.0035734201400497052,0.0004997760205041641,0.13985929471400257,0.7236730238092909,0.09118162071720701,0.24194077779166584,0.6079474426137561,0.003968728077562522,0.9819868904036112,0.488926683100659,0.00157563244904907,0.9261885511997939
2.265625,x,0.08,0.002764190261679292,0.002667159900071531,0.0003242612832006215,0.0011471906501654187,0.0054313501617508225,0.0014714519333660402,0.2709182596490355,0.9648973650790544,0.12157549428960937,0.4301169382962949,0.6079474426137561,0.003968728077562522,0.9819868904036112,0.488926683100659,0.00157563244904907,0.9261885511997939
2.265625,x,0.1,0.003455237827099115,0.004167437343861768,0.0006333228187512139,0.0028007584232554172,0.007622675170960882,0.003434081242006631,0.4505086685431652,1.2061217063488183,0.1519693678620117,0.6720577160879608,0.6079474426137561,0.003968728077562522,0.9819868904036112,0.488926683100659,0.00157563244904907,0.9261885511997939
2.265625,x,0.12,0.004146285392518938,0.006001109775160944,0.0010943818308020972,0.005807652666462431,0.010147395167679882,0.006902034497264529,0.6801779553483794,1.4473460476185818,0.18236324143441401,0.9677631111666634,0.6079474426137561,0.003968728077562522,0.9819868904036112,0.488926683100659,0.00157563244904907,0.9261885511997939
2.265625,y,0.02,0.001189329267378918,0.0004992919108108878,9.409008298438592e-06,1.3391175044645068e-05,0.0016886211781898058,2.280018334308366e-05,0.013502248839212921,0.4198096561696857,0.01884470405931002,0.02682033246422276,0.6139051769279456,0.004115162897949325,0.9814873934734938,0.34837818047322916,0.0017605045887381038,0.7164983109831058
2.265625,y,0.03,0.001783993901068377,0.0011234067993244974,3.175540300723024e-05,6.779282366351564e-05,0.0029074007003928744,9.954822667074587e-05,0.03423959643997265,0.6297144842545285,0.028267056088965018,0.0603457480445012,0.6139051769279456,0.004115162897949325,0.9814873934734938,0.34837818047322916,0.0017605045887381038,0.7164983109831058
2.265625,y,0.04,0.002378658534757836,0.001997167643243551,7.527206638750874e-05,0.0002142588007143211,0.004375826178001387,0.0002895308671018298,0.0661659890782202,0.8396193123393714,0.03768940811862004,0.10728132985689104,0.6139051769279456,0.004115162897949325,0.9814873934734938,0.34837818047322916,0.0017605045887381038,0.7164983109831058
2.265625,y,0.05,0.0029733231684472955,0.0031205744425680487,0.00014701575466310302,0.0005230927751814481,0.006093897611015344,0.000670108529844551,0.10996386428174658,1.0495241404242142,0.04711176014827505,0.16762707790139228,0.6139051769279456,0.004115162897949325,0.9814873934734938,0.34837818047322916,0.0017605045887381038,0.7164983109831058
2.265625,y,0.06,0.003567987802136754,0.00449362719729799,0.0002540432240578419,0.0010846851786162502,0.008061614999434743,0.0013387284026740922,0.16606206110909041,1.259428968509057,0.056534112177930036,0.2413829921780048,0.6139051769279456,0.004115162897949325,0.9814873934734938,0.34837818047322916,0.0017605045887381038,0.7164983109831058
2.265625,y,0.08,0.004757317069515672,0.007988670572974204,0.0006021765311000699,0.0034281408114291375,0.012745987642489878,0.0040303173425292075,0.31620282833899727,1.6792386246787427,0.07537881623724008,0.42912531942756416,0.6139051769279456,0.004115162897949325,0.9814873934734938,0.34837818047322916,0.0017605045887381038,0.7164983109831058
2.265625,y,0.1,0.005946646336894591,0.012482297770272195,0.0011761260373048242,0.008369484402903169,0.018428944107166785,0.009545610440207993,0.5179683862894687,2.0990482808484283,0.0942235202965501,0.6705083116055691,0.6139051769279456,0.004115162897949325,0.9814873934734938,0.34837818047322916,0.0017605045887381038,0.7164983109831058
2.265625,y,0.12,0.007135975604273508,0.01797450878919196,0.0020323457924627353,0.017354962857860003,0.025110484393465467,0.01938730865032274,0.7720802333613255,2.518857937018114,0.11306822435586007,0.9655319687120192,0.6139051769279456,0.004115162897949325,0.9814873934734938,0.34837818047322916,0.0017605045887381038,0.7164983109831058
2.265625,z,0.02,0.003689595221580006,0.00035699765780235654,5.5645503886933616e-05,9.132931924657754e-06,0.004046592879382363,6.477843581159137e-05,0.016008142588705043,0.09675794670220719,0.15587078142047772,0.025582610207806993,0.00020167796179803405,0.127370016533919,0.2580754853425564,0.5670969450681087,0.12395765740213008,0.042448448992674526
2.265625,z,0.03,0.005534392832370009,0.0008032447300553021,0.00018780357561840088,4.623546786857987e-05,0.006337637562425311,0.00023403904348698074,0.036928436058659336,0.14513692005331075,0.23380617213071653,0.057560872967565735,0.00020167796179803405,0.127370016533919,0.2580754853425564,0.5670969450681087,0.12395765740213008,0.042448448992674526
2.265625,z,0.04,0.007379190443160012,0.0014279906312094262,0.00044516403109546893,0.00014612691079452406,0.008807181074369438,0.000591290941889993,0.06713736630336367,0.19351589340441439,0.31174156284095544,0.10233044083122797,0.00020167796179803405,0.127370016533919,0.2580754853425564,0.5670969450681087,0.12395765740213008,0.042448448992674526
2.265625,z,0.05,0.009223988053950015,0.0022312353612647285,0.0008694609982333377,0.0003567551533069436,0.011455223415214743,0.0012262161515402812,0.10704428076990886,0.24189486675551797,0.38967695355119425,0.15989131379879373,0.00020167796179803405,0.127370016533919,0.2580754853425564,0.5670969450681087,0.12395765740213008,0.042448448992674526
2.265625,z,0.06,0.011068785664740018,0.0032129789202212083,0.001502428604947207,0.0007397674858972779,0.014281764584961226,0.002242196090844485,0.15699713277766314,0.2902738401066215,0.46761234426143305,0.23024349187026294,0.00020167796179803405,0.127370016533919,0.2580754853425564,0.5670969450681087,0.12395765740213008,0.042448448992674526
2.265625,z,0.08,0.014758380886320024,0.005711962524837705,0.0035613122487637514,0.002338030572712385,0.020470343411157728,0.005899342821476136,0.28818973394753084,0.38703178680882877,0.6234831256819109,0.4093217633249119,0.00020167796179803405,0.127370016533919,0.2580754853425564,0.5670969450681087,0.12395765740213008,0.042448448992674526
2.265625,z,0.1,0.01844797610790003,0.008924941445058914,0.006955687985866702,0.005708082452911097,0.027372917552958946,0.0126637704387778,0.46263867979278944,0.48378973351103594,0.7793539071023885,0.6395652551951749,0.00020167796179803405,0.127370016533919,0.2580754853425564,0.5670969450681087,0.12395765740213008,0.042448448992674526
2.265625,z,0.12,0.022137571329480035,0.012851915680884833,0.012019428839577656,0.011836279774356447,0.03498948701036487,0.0238557086139341,0.6817964666606107,0.580547680213243,0.9352246885228661,0.9209739674810518,0.00020167796179803405,0.127370016533919,0.2580754853425564,0.5670969450681087,0.12395765740213008,0.042448448992674526
1.0546875,x,0.02,0.0015442646264755713,0.0012062987935536115,0.0001163594810162585,3.0651574237359664e-05,0.0027505634200291826,0.00014701105525361815,0.053447615198801125,0.7811477209749412,0.09645991659618379,0.02540960365803219,0.740072811081671,0.24640070882797308,0.35563991031459835,0.3104904252409877,0.25429299277767253,0.2142563399116638
1.0546875,x,0.03,0.002316396939713357,0.0027141722854956258,0.00039271324842987226,0.00015517359457663328,0.005030569225208983,0.0005478868430065056,0.10891150056358581,1.1717215814624118,0.14468987489427562,0.05717160823057242,0.740072811081671,0.24640070882797308,0.35563991031459835,0.3104904252409877,0.25429299277767253,0.2142563399116638
1.0546875,x,0.04,0.0030885292529511427,0.004825195174214446,0.000930875848130068,0.0004904251877977546,0.007913724427165588,0.0014213010359278226,0.17959951082563555,1.5622954419498825,0.19291983319236758,0.10163841463212876,0.740072811081671,0.24640070882797308,0.35563991031459835,0.3104904252409877,0.25429299277767253,0.2142563399116638
1.0546875,x,0.05,0.0038606615661889287,0.007539367459710073,0.001818116890879039,0.001197327118646862,0.011400029025899,0.003015444009525901,0.26451195893232426,1.9528693024373533,0.24114979149045945,0.15881002286270118,0.740072811081671,0.24640070882797308,0.35563991031459835,0.3104904252409877,0.25429299277767253,0.2142563399116638
1.0546875,x,0.06,0.004632793879426714,0.010856689141982503,0.003141705987438978,0.0024827775132261324,0.015489483021409216,0.0056244835006651105,0.36311628302191074,2.3434431629248236,0.28937974978855124,0.22868643292228968,0.740072811081671,0.24640070882797308,0.35563991031459835,0.3104904252409877,0.25429299277767253,0.2142563399116638
1.0546875,x,0.08,0.006177058505902285,0.019300780696857783,0.007447006785040544,0.007846803004764074,0.025477839202760068,0.015293809789804618,0.6002789195775993,3.124590883899765,0.38583966638473516,0.40655365852851505,0.740072811081671,0.24640070882797308,0.35563991031459835,0.3104904252409877,0.25429299277767253,0.2142563399116638
1.0546875,x,0.1,0.007721323132377857,0.03015746983884029,0.014544935127032312,0.019157233898349793,0.03787879297121815,0.0337021690253821,0.8897371426536845,3.9057386048747067,0.4822995829809189,0.6352400914508047,0.740072811081671,0.24640070882797308,0.35563991031459835,0.3104904252409877,0.25429299277767253,0.2142563399116638
1.0546875,x,0.12,0.009265587758853428,0.04342675656793001,0.025133647899511825,0.03972444021161812,0.05269234432678344,0.06485808811112995,1.2308825682322635,4.686886325849647,0.5787594995771025,0.9147457316891587,0.740072811081671,0.24640070882797308,0.35563991031459835,0.3104904252409877,0.25429299277767253,0.2142563399116638
1.0546875,y,0.02,0.0018780395635134698,0.0020041025703496345,0.00014642166225241685,5.2309055166861574e-05,0.0038821421338631045,0.00019873071741927843,0.05119099470516353,1.0671247876164673,0.07306096225747179,0.02610098701571735,0.7337926371947283,0.24567869699461528,0.3537043545535708,0.31481430530146715,0.25306404394649873,0.19479758765069274
1.0546875,y,0.03,0.0028170593452702046,0.004509230783286677,0.0004941731101019066,0.00026481459178223665,0.007326290128556881,0.0007589877018841433,0.10359782216728117,1.600687181424701,0.10959144338620765,0.05872722078536402,0.7337926371947283,0.24567869699461528,0.3537043545535708,0.31481430530146715,0.25306404394649873,0.19479758765069274
1.0546875,y,0.04,0.0037560791270269396,0.008016410281398538,0.0011713732980193348,0.0008369448826697852,0.011772489408425478,0.00200831818068912,0.170594180297311,2.1342495752329347,0.14612192451494357,0.1044039480628694,0.7337926371947283,0.24567869699461528,0.3537043545535708,0.31481430530146715,0.25306404394649873,0.19479758765069274
1.0546875,y,0.05,0.004695098908783675,0.012525641064685218,0.002287838472694013,0.0020433224674555306,0.017220739973468895,0.004331160940149544,0.25150841060386137,2.6678119690411686,0.18265240564367943,0.16313116884823342,0.7337926371947283,0.24567869699461528,0.3537043545535708,0.31481430530146715,0.25306404394649873,0.19479758765069274
1.0546875,y,0.06,0.005634118690540409,0.01803692313314671,0.003953384880815253,0.004237033468515786,0.02367104182368712,0.00819041834933104,0.346010049339487,3.201374362849402,0.2191828867724153,0.23490888314145608,0.7337926371947283,0.24567869699461528,0.3537043545535708,0.31481430530146715,0.25306404394649873,0.19479758765069274
1.0546875,y,0.08,0.007512158254053879,0.03206564112559415,0.009370986384154678,0.013391118122716563,0.03957779937964803,0.02276210450687124,0.5751230453347572,4.268499150465869,0.29224384902988715,0.4176157922514776,0.7337926371947283,0.24567869699461528,0.3537043545535708,0.31481430530146715,0.25306404394649873,0.19479758765069274
1.0546875,y,0.1,0.00939019781756735,0.05010256425874087,0.018302707781552106,0.03269315947928849,0.05949276207630822,0.0509958672608406,0.8571776713851492,5.335623938082337,0.36530481128735887,0.6525246753929337,0.7337926371947283,0.24567869699461528,0.3537043545535708,0.31481430530146715,0.25306404394649873,0.19479758765069274
1.0546875,y,0.12,0.011268237381080818,0.07214769253258684,0.031627079046522025,0.06779253549625258,0.08341592991366766,0.0994196145427746,1.1918540576802317,6.402748725698804,0.4383657735448306,0.9396355325658243,0.7337926371947283,0.24567869699461528,0.3537043545535708,0.31481430530146715,0.25306404394649873,0.19479758765069274
1.0546875,z,0.02,0.0033930247166345357,0.00030400281901079093,8.59033752914349e-05,1.5172229853233899e-05,0.0036970275356453266,0.0001010756051446688,0.0273396949766093,0.08959640568499143,0.2825742720773443,0.049908188031293696,0.22937642620002535,0.9346255118853588,0.6113135762151388,0.47019735107253957,0.825596328320349,0.313322756177097
1.0546875,z,0.03,0.005089537074951803,0.0006840063427742796,0.0002899238916085927,7.68094136319966e-05,0.005773543417726083,0.0003667333052405893,0.06351962368805181,0.13439460852748714,0.42386140811601636,0.1122934230704108,0.22937642620002535,0.9346255118853588,0.6113135762151388,0.47019735107253957,0.825596328320349,0.313322756177097
1.0546875,z,0.04,0.006786049433269071,0.0012160112760431637,0.0006872270023314792,0.00024275567765174238,0.008002060709312236,0.0009299826799832216,0.11621789858466997,0.17919281136998286,0.5651485441546886,0.19963275212517478,0.22937642620002535,0.9346255118853588,0.6113135762151388,0.47019735107253957,0.825596328320349,0.313322756177097
1.0546875,z,0.05,0.00848256179158634,0.0019000176188174436,0.0013422402389286704,0.0005926652286419493,0.010382579410403783,0.0019349054675706196,0.18636076750174072,0.22399101421247858,0.7064356801933608,0.3119261751955856,0.22937642620002535,0.9346255118853588,0.6113135762151388,0.47019735107253957,0.825596328320349,0.313322756177097
1.0546875,z,0.06,0.010179074149903607,0.0027360253710971183,0.0023193911328687417,0.0012289506181119457,0.012915099521000725,0.0035483417509806874,0.274743663044243,0.26878921705497427,0.8477228162320327,0.4491736922816432,0.22937642620002535,0.9346255118853588,0.6113135762151388,0.47019735107253957,0.825596328320349,0.313322756177097
1.0546875,z,0.08,0.013572098866538143,0.004864045104172655,0.0054978160186518335,0.003884090842427878,0.0184361439707108,0.009381906861079712,0.5088866129481628,0.3583856227399657,1.1302970883093773,0.7985310085006991,0.22937642620002535,0.9346255118853588,0.6113135762151388,0.47019735107253957,0.825596328320349,0.313322756177097
1.0546875,z,0.1,0.01696512358317268,0.0076000704752697745,0.010737921911429364,0.009482643658271188,0.024565194058442454,0.020220565569700553,0.8231388492838403,0.44798202842495716,1.4128713603867216,1.2477047007823423,0.22937642620002535,0.9346255118853588,0.6113135762151388,0.47019735107253957,0.825596328320349,0.313322756177097
1.0546875,z,0.12,0.020358148299807213,0.010944101484388473,0.018555129062949934,0.01966320988979113,0.031302249784195685,0.038218338952741064,1.220945434153339,0.5375784341099485,1.6954456324640654,1.7966947691265729,0.22937642620002535,0.9346255118853588,0.6113135762151388,0.47019735107253957,0.825596328320349,0.313322756177097
0.765625,x,0.02,0.0018638177049449197,0.0013249384549529363,0.0001448539249293933,3.645032604010389e-05,0.0031887561598978563,0.0001813042509694972,0.05685735812904076,0.7108734139812731,0.10932879515112172,0.027510957889284492,0.7564542932893124,0.4174304533911677,0.4316910061802165,0.4420755384188024,0.35845920933036785,0.9043011936854516
0.765625,x,0.03,0.0027957265574173797,0.0029811115236441066,0.0004888819966367021,0.0001845297755780259,0.005776838081061487,0.000673411772214728,0.11657099658417108,1.0663101209719097,0.1639931927266825,0.0618996552508901,0.7564542932893124,0.4174304533911677,0.4316910061802165,0.4420755384188024,0.35845920933036785,0.9043011936854516
0.765625,x,0.04,0.0037276354098898395,0.005299753819811745,0.0011588313994351463,0.0005832052166416622,0.009027389229701584,0.0017420366160768087,0.1929723613052181,1.4217468279625463,0.21865759030224344,0.11004383155713797,0.7564542932893124,0.4174304533911677,0.4316910061802165,0.4420755384188024,0.35845920933036785,0.9043011936854516
0.765625,x,0.05,0.004659544262362299,0.008280865343455854,0.00226334257702177,0.0014238408609415583,0.012940409605818153,0.003687183437963328,0.28493560484403285,1.7771835349531833,0.2733219878778042,0.17194348680802804,0.7564542932893124,0.4174304533911677,0.4316910061802165,0.4420755384188024,0.35845920933036785,0.9043011936854516
0.765625,x,0.06,0.0055914531148347595,0.011924446094576427,0.003911055973093617,0.0029524764092484146,0.017515899209411184,0.006863532382342032,0.3918458481797097,2.1326202419438194,0.327986385453365,0.2475986210035604,0.7564542932893124,0.4174304533911677,0.4316910061802165,0.4420755384188024,0.35845920933036785,0.9043011936854516
0.765625,x,0.08,0.007455270819779679,0.02119901527924698,0.00927065119548117,0.009331283466266596,0.02865428609902666,0.018601934661747768,0.6491850677228929,2.8434936559250925,0.4373151806044869,0.4401753262285519,0.7564542932893124,0.4174304533911677,0.4316910061802165,0.4420755384188024,0.35845920933036785,0.9043011936854516
0.765625,x,0.1,0.009319088524724599,0.03312346137382342,0.01810674061617416,0.022781453775064932,0.04244254989854802,0.04088819439123909,0.963377424046756,3.5543670699063665,0.5466439757556084,0.6877739472321122,0.7564542932893124,0.4174304533911677,0.4316910061802165,0.4420755384188024,0.35845920933036785,0.9043011936854516
0.765625,x,0.12,0.011182906229669519,0.047697784378305706,0.031288447784748936,0.04723962254797463,0.058880690607975225,0.07852807033272358,1.3336812038357302,4.265240483887639,0.65597277090673,0.9903944840142416,0.7564542932893124,0.4174304533911677,0.4316910061802165,0.4420755384188024,0.35845920933036785,0.9043011936854516
0.765625,y,0.02,0.002050302368046289,0.0018358681936818024,0.00017121292479926203,5.120335720858021e-05,0.0038861705617280915,0.00022241628200784223,0.05723276384167214,0.8954133898948677,0.09325992213847195,0.027890541044721055,0.7602671747949253,0.4185991754385596,0.43165896254361236,0.45345059237935204,0.3595866768986794,0.9091708024670688
0.765625,y,0.03,0.0030754535520694333,0.004130703435784055,0.0005778436211975091,0.0002592169958684373,0.007206156987853488,0.0008370606170659464,0.11615908708023905,1.3431200848423015,0.13988988320770787,0.06275371735062237,0.7602671747949253,0.4185991754385596,0.43165896254361236,0.45345059237935204,0.3595866768986794,0.9091708024670688
0.765625,y,0.04,0.004100604736092578,0.00734347277472721,0.0013697033983940963,0.0008192537153372834,0.011444077510819788,0.0021889571137313794,0.1912742299815632,1.7908267797897355,0.1865198442769439,0.11156216417888422,0.7602671747949253,0.4185991754385596,0.43165896254361236,0.45345059237935204,0.3595866768986794,0.9091708024670688
0.765625,y,0.05,0.005125755920115722,0.011474176210511267,0.0026752019499884693,0.002000131140960165,0.01659993213062699,0.004675333090948634,0.2816477232652423,2.23853347473717,0.23314980534617982,0.1743158815295066,0.7602671747949253,0.4185991754385596,0.43165896254361236,0.45345059237935204,0.3595866768986794,0.9091708024670688
0.765625,y,0.06,0.0061509071041388665,0.01652281374313622,0.004622748969580073,0.004147471933894997,0.022673720847275085,0.00877022090347507,0.38680113257763205,2.686240169684603,0.27977976641541574,0.25101486940248946,0.7602671747949253,0.4185991754385596,0.43165896254361236,0.45345059237935204,0.3595866768986794,0.9091708024670688
0.765625,y,0.08,0.008201209472185157,0.02937389109890884,0.01095762718715277,0.013108059445396534,0.03757510057109399,0.024065686632549304,0.6404689878877584,3.581653559579471,0.3730396885538878,0.4462486567155369,0.7602671747949253,0.4185991754385596,0.43165896254361236,0.45345059237935204,0.3595866768986794,0.9091708024670688
0.765625,y,0.1,0.010251511840231445,0.04589670484204507,0.021401615599907754,0.03200209825536264,0.056148216682276514,0.053403713855270395,0.9511203918988858,4.47706694947434,0.46629961069235965,0.6972635261180264,0.7602671747949253,0.4185991754385596,0.43165896254361236,0.45345059237935204,0.3595866768986794,0.9091708024670688
0.765625,y,0.12,0.012301814208277733,0.06609125497254488,0.03698199175664058,0.06635955094231995,0.07839306918082262,0.10334154269896054,1.3182484597023674,5.372480339369206,0.5595595328308315,1.0040594776099578,0.7602671747949253,0.4185991754385596,0.43165896254361236,0.45345059237935204,0.3595866768986794,0.9091708024670688
0.765625,z,0.02,0.001927546336580315,0.0036562700738032184,7.606899471283271e-05,8.541035473768215e-05,0.005583816410383534,0.00016147934945051487,0.028919172405137045,1.8968519741475343,0.020805080909602074,0.023359968769713746,0.5513862827069844,0.29421677281222314,0.8039123385471482,0.10230427204732113,0.3657531736266747,0.7630038866388471
0.765625,z,0.03,0.0028913195048704725,0.008226607666057241,0.00025673285715581027,0.00043238992085951585,0.011117927170927713,0.0006891227780153261,0.0619830268197218,2.8452779612213015,0.0312076213644031,0.05255992973185592,0.5513862827069844,0.29421677281222314,0.8039123385471482,0.10230427204732113,0.3657531736266747,0.7630038866388471
0.765625,z,0.04,0.00385509267316063,0.014625080295212874,0.0006085519577026617,0.0013665656758029144,0.018480172968373502,0.0019751176335055763,0.10687765947243796,3.7937039482950685,0.04161016181920415,0.09343987507885498,0.5513862827069844,0.29421677281222314,0.8039123385471482,0.10230427204732113,0.3657531736266747,0.7630038866388471
0.765625,z,0.05,0.004818865841450788,0.022851687961270118,0.001188578042388011,0.0033363419819407098,0.027670553802720904,0.004524920024328721,0.16352835062823268,4.742129935368837,0.05201270227400518,0.14599980481071093,0.5513862827069844,0.29421677281222314,0.8039123385471482,0.10230427204732113,0.3657531736266747,0.7630038866388471
0.765625,z,0.06,0.005782639009740945,0.032906430664228964,0.002053862857246482,0.006918238733752254,0.03868906967396991,0.008972101590998736,0.23190274841463004,5.690555922442603,0.0624152427288062,0.21023971892742369,0.5513862827069844,0.29421677281222314,0.8039123385471482,0.10230427204732113,0.3657531736266747,0.7630038866388471
0.765625,z,0.08,0.00771018534632126,0.058500321180851494,0.004868415661621293,0.02186505081284663,0.06621050652717275,0.026733466474467924,0.4037647176660176,7.587407896590137,0.0832203236384083,0.37375950031541993,0.5513862827069844,0.29421677281222314,0.8039123385471482,0.10230427204732113,0.3657531736266747,0.7630038866388471
0.765625,z,0.1,0.009637731682901576,0.09140675184508047,0.009508624339104089,0.053381471711051356,0.10104448352798205,0.06289009605015544,0.6224000940411498,9.484259870737674,0.10402540454801036,0.5839992192428437,0.5513862827069844,0.29421677281222314,0.8039123385471482,0.10230427204732113,0.3657531736266747,0.7630038866388471
0.765625,z,0.12,0.01156527801948189,0.13162572265691586,0.016430902857971857,0.11069181974003606,0.14319100067639776,0.12712272259800791,0.8877843020686538,11.381111844885206,0.1248304854576124,0.8409588757096947,0.5513862827069844,0.29421677281222314,0.8039123385471482,0.10230427204732113,0.3657531736266747,0.7630038866388471
3.1484375,x,0.02,0.0003678105629246172,9.673276301623667e-06,3.2734845053837103e-06,3.3986001492351285e-07,0.0003774838392262408,3.613344520307223e-06,0.009572183348865445,0.026299615282136982,0.33840494195686865,0.035133909579990706,0.33806354594094945,0.7482837270813191,0.9505726278511998,0.7524107146476758,0.5913388218672329,0.12576200103481672
3.1484375,x,0.03,0.0005517158443869257,2.176487167865325e-05,1.1048010205670019e-05,1.7205413255502836e-06,0.0005734807160655789,1.2768551531220302e-05,0.022265005907818856,0.039449422923205475,0.5076074129353029,0.0790512965549791,0.33806354594094945,0.7482837270813191,0.9505726278511998,0.7524107146476758,0.5913388218672329,0.12576200103481672
3.1484375,x,0.04,0.0007356211258492344,3.869310520649467e-05,2.6187876043069682e-05,5.4377602387762056e-06,0.000774314231055729,3.1625636281845886e-05,0.040843413453380946,0.052599230564273965,0.6768098839137373,0.14053563831996282,0.33806354594094945,0.7482837270813191,0.9505726278511998,0.7524107146476758,0.5913388218672329,0.12576200103481672
3.1484375,x,0.05,0.0009195264073115429,6.045797688514793e-05,5.114819539662048e-05,1.3275781832949722e-05,0.0009799843841966909,6.44239772295702e-05,0.0657397998054628,0.06574903820534246,0.8460123548921716,0.2195869348749419,0.33806354594094945,0.7482837270813191,0.9505726278511998,0.7524107146476758,0.5913388218672329,0.12576200103481672
3.1484375,x,0.06,0.0011034316887738513,8.7059486714613e-05,8.838408164536015e-05,2.7528661208804538e-05,0.0011904911754884644,0.00011591274285416468,0.09736547841827145,0.07889884584641095,1.0152148258706057,0.3162051862199164,0.33806354594094945,0.7482837270813191,0.9505726278511998,0.7524107146476758,0.5913388218672329,0.12576200103481672
3.1484375,x,0.08,0.0014712422516984687,0.00015477242082597868,0.00020950300834455746,8.700416382041929e-05,0.0016260146725244474,0.0002965071721649767,0.18235208892957802,0.10519846112854793,1.3536197678274746,0.5621425532798513,0.33806354594094945,0.7482837270813191,0.9505726278511998,0.7524107146476758,0.5913388218672329,0.12576200103481672
3.1484375,x,0.1,0.0018390528146230859,0.00024183190754059172,0.00040918556317296384,0.00021241250932719556,0.0020808847221636777,0.0006215980725001594,0.29871816822886255,0.13149807641068492,1.6920247097843433,0.8783477394997676,0.33806354594094945,0.7482837270813191,0.9505726278511998,0.7524107146476758,0.5913388218672329,0.12576200103481672
3.1484375,x,0.12,0.0022068633775477026,0.000348237946858452,0.0007070726531628812,0.0004404585793408726,0.0025551013244061544,0.001147531232503754,0.44911378720781575,0.1577976916928219,2.0304296517412115,1.2648207448796656,0.33806354594094945,0.7482837270813191,0.9505726278511998,0.7524107146476758,0.5913388218672329,0.12576200103481672
3.1484375,y,0.02,0.0008162301716381923,4.796403440665608e-05,7.463446993283583e-06,1.3663188514311612e-06,0.0008641942060448484,8.829765844714744e-06,0.01021733978653464,0.058762878503242764,0.15560507129166481,0.028486320392630562,0.3375089079647536,0.483476416244752,0.948362673325997,0.3417424631432264,0.3540481907852151,0.8053520668744724
3.1484375,y,0.03,0.0012243452574572883,0.00010791907741497618,2.5189133602332084e-05,6.916989185370252e-06,0.0013322643348722646,3.2106122787702336e-05,0.02409891336675362,0.08814431775486416,0.23340760693749713,0.06409422088341875,0.3375089079647536,0.483476416244752,0.948362673325997,0.3417424631432264,0.3540481907852151,0.8053520668744724
3.1484375,y,0.04,0.0016324603432763846,0.00019185613762662433,5.970757594626867e-05,2.186110162289858e-05,0.001824316480903009,8.156867756916724e-05,0.044711911788897496,0.11752575700648553,0.31121014258332963,0.11394528157052225,0.3375089079647536,0.483476416244752,0.948362673325997,0.3417424631432264,0.3540481907852151,0.8053520668744724
3.1484375,y,0.05,0.0020405754290954807,0.0002997752150416006,0.00011661635927005599,5.337183013402974e-05,0.002340350644137081,0.00016998818940408572,0.0726336413861448,0.14690719625810694,0.3890126782291619,0.178039502453941,0.3375089079647536,0.483476416244752,0.948362673325997,0.3417424631432264,0.3540481907852151,0.8053520668744724
3.1484375,y,0.06,0.0024486905149145766,0.00043167630965990474,0.00020151306881865667,0.00011067182696592403,0.0028803668245744813,0.0003121848957845807,0.1083837284616344,0.17628863550972831,0.46681521387499425,0.256376883533675,0.3375089079647536,0.483476416244752,0.948362673325997,0.3417424631432264,0.3540481907852151,0.8053520668744724
3.1484375,y,0.08,0.003264920686552769,0.0007674245505064973,0.00047766060757014933,0.00034977762596637727,0.004032345237059267,0.0008274382335365266,0.20520024573589482,0.23505151401297106,0.6224202851666593,0.455781126282089,0.3375089079647536,0.483476416244752,0.948362673325997,0.3417424631432264,0.3540481907852151,0.8053520668744724
3.1484375,y,0.1,0.004081150858190961,0.0011991008601664023,0.0009329308741604479,0.0008539492821444759,0.005280251718357364,0.0017868801563049237,0.33840813878108167,0.2938143925162139,0.7780253564583238,0.712158009815764,0.3375089079647536,0.483476416244752,0.948362673325997,0.3417424631432264,0.3540481907852151,0.8053520668744724
3.1484375,y,0.12,0.004897381029829153,0.001726705238639619,0.0016121045505492534,0.0017707492314547844,0.006624086268468772,0.003382853782004038,0.5106898740293762,0.35257727101945663,0.9336304277499885,1.0255075341347,0.3375089079647536,0.483476416244752,0.948362673325997,0.3417424631432264,0.3540481907852151,0.8053520668744724
3.1484375,z,0.02,0.001396905882568777,3.765623487840461e-05,1.2102912539535114e-05,8.923810707474823e-07,0.0014345621174471814,1.2995293610282595e-05,0.009058717954582447,0.026956887610179132,0.3214052753446146,0.023698096042502965,0.038310348221707494,0.6723206929680923,0.8409836811726191,0.42486637721096476,0.7356589106695519,0.07994431508322514
3.1484375,z,0.03,0.0020953588238531652,8.472652847641035e-05,4.0847329820930994e-05,4.5176791706591284e-06,0.0021800853523295757,4.536500899159012e-05,0.020808822435834633,0.04043533141526869,0.48210791301692185,0.053320716095631666,0.038310348221707494,0.6723206929680923,0.8409836811726191,0.42486637721096476,0.7356589106695519,0.07994431508322514
3.1484375,z,0.04,0.002793811765137554,0.00015062493951361843,9.682330031628091e-05,1.4278097131959717e-05,0.0029444367046511724,0.00011110139744824063,0.03773264926114376,0.053913775220358263,0.6428105506892292,0.09479238417001186,0.038310348221707494,0.6723206929680923,0.8409836811726191,0.42486637721096476,0.7356589106695519,0.07994431508322514
3.1484375,z,0.05,0.0034922647064219423,0.00023535146799002883,0.00018910800843023617,3.485863557607353e-05,0.003727616174411971,0.0002239666440063097,0.06008307549036759,0.06739221902544784,0.8035131883615365,0.14811310026564353,0.038310348221707494,0.6723206929680923,0.8409836811726191,0.42486637721096476,0.7356589106695519,0.07994431508322514
3.1484375,z,0.06,0.0041907176477063305,0.0003389061139056414,0.00032677863856744795,7.228286673054605e-05,0.004529623761611972,0.000399061505297994,0.08810036468812117,0.08087066283053738,0.9642158260338437,0.21328286438252667,0.038310348221707494,0.6723206929680923,0.8409836811726191,0.42486637721096476,0.7356589106695519,0.07994431508322514
3.1484375,z,0.08,0.005587623530275108,0.0006024997580544737,0.0007745864025302473,0.00022844955411135547,0.006190123288329581,0.0010030359566416027,0.16203812265462555,0.10782755044071653,1.2856211013784584,0.37916953668004744,0.038310348221707494,0.6723206929680923,0.8409836811726191,0.42486637721096476,0.7356589106695519,0.07994431508322514
3.1484375,z,0.1,0.006984529412843885,0.0009414058719601153,0.0015128640674418894,0.0005577381692171765,0.007925935284804,0.002070602236659066,0.2612438989539731,0.13478443805089568,1.607026376723073,0.5924524010625741,0.038310348221707494,0.6723206929680923,0.8409836811726191,0.42486637721096476,0.7356589106695519,0.07994431508322514
3.1484375,z,0.12,0.008381435295412661,0.0013556244556225657,0.0026142291085395836,0.0011565258676887369,0.009737059751035226,0.0037707549762283207,0.3872580709826106,0.16174132566107477,1.9284316520676874,0.8531314575301067,0.038310348221707494,0.6723206929680923,0.8409836811726191,0.42486637721096476,0.7356589106695519,0.07994431508322514
